timestamp,name,result,distance
2026-07-30 02:40:22,unknown,FAIL_NO_FACE,
2026-07-30 02:40:23,unknown,FAIL_NO_FACE,
2026-07-30 02:40:24,unknown,FAIL_NO_FACE,
2026-07-30 02:40:25,unknown,FAIL_NO_FACE,
2026-07-30 02:40:26,unknown,FAIL_NO_FACE,
2026-07-30 02:40:27,unknown,FAIL_NO_FACE,
2026-07-30 02:40:28,unknown,FAIL_NO_FACE,
2026-07-30 02:40:29,unknown,FAIL_NO_FACE,
2026-07-30 02:40:30,unknown,FAIL_NO_FACE,
2026-07-30 02:40:31,unknown,FAIL_NO_FACE,
2026-07-30 02:40:32,unknown,FAIL_NO_FACE,
2026-07-30 02:40:33,unknown,FAIL_NO_FACE,
2026-07-30 02:40:35,unknown,FAIL_NO_FACE,
2026-07-30 02:40:36,unknown,FAIL_NO_FACE,
2026-07-30 02:40:36,unknown,FAIL_NO_FACE,
2026-07-30 02:40:38,unknown,FAIL_NO_FACE,
2026-07-30 02:40:39,unknown,FAIL_NO_FACE,
2026-07-30 02:40:40,unknown,FAIL_NO_FACE,
2026-07-30 02:40:41,unknown,FAIL_NO_FACE,
2026-07-30 02:40:42,Joyti,SUCCESS,0.2980
2026-07-30 02:40:44,Joyti,SUCCESS,0.3016
2026-07-30 02:40:45,Joyti,SUCCESS,0.3072
2026-07-30 02:40:46,unknown,FAIL_NO_FACE,
2026-07-30 02:40:46,unknown,FAIL_NO_FACE,
2026-07-30 02:40:47,unknown,FAIL_NO_FACE,
2026-07-30 02:40:48,unknown,FAIL_NO_FACE,
2026-07-30 02:40:49,unknown,FAIL_NO_FACE,
2026-07-30 02:40:50,unknown,FAIL_NO_FACE,
2026-07-30 02:40:52,unknown,FAIL_NO_FACE,
2026-07-30 02:40:53,unknown,FAIL_NO_FACE,
2026-07-30 02:40:56,Joyti,SUCCESS,0.2930
2026-07-30 02:40:57,unknown,FAIL_NO_FACE,
2026-07-30 02:40:58,unknown,FAIL_NO_FACE,
2026-07-30 02:40:59,Joyti,SUCCESS,0.3027
2026-07-30 02:41:01,Joyti,SUCCESS,0.3204
2026-07-30 02:41:02,Joyti,SUCCESS,0.3103
2026-07-30 02:41:03,Joyti,SUCCESS,0.3091
2026-07-30 02:41:04,Joyti,SUCCESS,0.3077
2026-07-30 02:41:05,Joyti,SUCCESS,0.3037
2026-07-30 02:41:12,Joyti,SUCCESS,0.3340
2026-07-30 02:41:13,Joyti,SUCCESS,0.2883
2026-07-30 02:41:14,Joyti,SUCCESS,0.3098
2026-07-30 02:41:15,Joyti,SUCCESS,0.3078
2026-07-30 02:41:16,Joyti,SUCCESS,0.3081
2026-07-30 02:41:16,unknown,FAIL_NO_FACE,
2026-07-30 02:57:26,unknown,FAIL_NO_FACE,
2026-07-30 02:57:28,unknown,FAIL_NO_FACE,
2026-07-30 02:57:29,unknown,FAIL_NO_FACE,
2026-07-30 02:57:30,unknown,FAIL_NO_FACE,
2026-07-30 02:57:31,unknown,FAIL_NO_FACE,
2026-07-30 02:57:32,unknown,FAIL_NO_FACE,
2026-07-30 02:57:33,unknown,FAIL_NO_FACE,
2026-07-30 02:57:34,unknown,FAIL_NO_FACE,
2026-07-30 02:57:35,Joyti,SUCCESS,0.2945
2026-07-30 02:57:37,Joyti,SUCCESS,0.3504
2026-07-30 02:57:38,Joyti,SUCCESS,0.3469
2026-07-30 02:57:39,Joyti,SUCCESS,0.3464
2026-07-30 02:57:40,Joyti,SUCCESS,0.3281
2026-07-30 02:57:40,unknown,FAIL_NO_FACE,
2026-07-30 02:57:41,unknown,FAIL_NO_FACE,
2026-07-30 02:57:43,unknown,FAIL_NO_FACE,
2026-07-30 02:57:44,unknown,FAIL_NO_FACE,
2026-07-30 02:57:45,unknown,FAIL_NO_FACE,
2026-07-30 02:57:46,unknown,FAIL_NO_FACE,
2026-07-30 02:57:47,Joyti,SUCCESS,0.3274
2026-07-30 02:57:48,unknown,FAIL_NO_FACE,
2026-07-30 02:57:50,Joyti,SUCCESS,0.3082
2026-07-30 02:57:50,unknown,FAIL_NO_FACE,
2026-07-30 02:57:51,Joyti,SUCCESS,0.2811
2026-07-30 02:57:52,Joyti,SUCCESS,0.2750
2026-07-30 02:57:54,Joyti,SUCCESS,0.2661
2026-07-30 02:57:55,Joyti,SUCCESS,0.3008
2026-07-30 02:57:56,Joyti,SUCCESS,0.2869
2026-07-30 02:57:56,unknown,FAIL_NO_FACE,
2026-07-30 02:57:58,unknown,FAIL_NO_FACE,
2026-07-30 02:57:59,unknown,FAIL_NO_FACE,
2026-07-30 02:58:00,unknown,FAIL_NO_FACE,
2026-07-30 02:58:01,unknown,FAIL_NO_FACE,
2026-07-30 02:58:02,Joyti,SUCCESS,0.3147
2026-07-30 02:58:03,Joyti,SUCCESS,0.3172
2026-07-30 02:58:04,unknown,FAIL_NO_FACE,
2026-07-30 02:58:05,unknown,FAIL_NO_FACE,
2026-07-30 02:58:06,Joyti,SUCCESS,0.3527
2026-07-30 02:58:07,Joyti,SUCCESS,0.3399
2026-07-30 02:58:08,unknown,FAIL_NO_FACE,
2026-07-30 02:58:09,unknown,FAIL_NO_FACE,
2026-07-30 02:58:11,Joyti,SUCCESS,0.3306
2026-07-30 02:58:12,Joyti,SUCCESS,0.3422
2026-07-30 02:58:13,Joyti,SUCCESS,0.3150
2026-07-30 02:58:14,Joyti,SUCCESS,0.3220
2026-07-30 02:58:16,Joyti,SUCCESS,0.3472
2026-07-30 02:58:17,Joyti,SUCCESS,0.3654
2026-07-30 02:58:17,unknown,FAIL_NO_FACE,
2026-07-30 02:58:18,unknown,FAIL_NO_FACE,
2026-07-30 02:58:20,Joyti,SUCCESS,0.3193
2026-07-30 02:58:21,Joyti,SUCCESS,0.3691
2026-07-30 02:58:22,Joyti,SUCCESS,0.3651
2026-07-30 02:58:23,Joyti,SUCCESS,0.3509
2026-07-30 02:58:24,Joyti,SUCCESS,0.3399
2026-07-30 02:58:25,Joyti,SUCCESS,0.3457
2026-07-30 02:58:26,Joyti,SUCCESS,0.3420
2026-07-30 02:58:27,Joyti,SUCCESS,0.3371
2026-07-30 02:58:28,Joyti,SUCCESS,0.3539
2026-07-30 02:58:29,Joyti,SUCCESS,0.3507
2026-07-30 02:58:30,Joyti,SUCCESS,0.3277
2026-07-30 02:58:31,Joyti,SUCCESS,0.3316
2026-07-30 02:58:32,Joyti,SUCCESS,0.3503
2026-07-30 02:58:33,unknown,FAIL_NO_FACE,
2026-07-30 02:58:34,unknown,FAIL_NO_FACE,
2026-07-30 02:58:35,unknown,FAIL_NO_FACE,
2026-07-30 02:58:36,unknown,FAIL_NO_FACE,
2026-07-30 02:58:37,unknown,FAIL_NO_FACE,
2026-07-30 02:58:38,unknown,FAIL_NO_FACE,
2026-07-30 02:58:42,unknown,FAIL_NO_FACE,
2026-07-30 02:58:43,unknown,FAIL_NO_FACE,
2026-07-30 02:58:44,unknown,FAIL_NO_FACE,
2026-07-30 02:58:45,Joyti,SUCCESS,0.3232
2026-07-30 02:58:47,Joyti,SUCCESS,0.3042
2026-07-30 02:58:48,Joyti,SUCCESS,0.3179
2026-07-30 02:58:49,Joyti,SUCCESS,0.3221
2026-07-30 02:58:50,Joyti,SUCCESS,0.3649
2026-07-30 02:58:51,Joyti,SUCCESS,0.3163
2026-07-30 02:58:52,Joyti,SUCCESS,0.3079
2026-07-30 02:58:53,Joyti,SUCCESS,0.2965
2026-07-30 02:58:54,Joyti,SUCCESS,0.3000
2026-07-30 02:58:55,Joyti,SUCCESS,0.2985
2026-07-30 02:58:56,Joyti,SUCCESS,0.3136
2026-07-30 02:58:57,Joyti,SUCCESS,0.2623
2026-07-30 02:58:59,Joyti,SUCCESS,0.2832
2026-07-30 02:58:59,Joyti,SUCCESS,0.2959
2026-07-30 02:59:01,Joyti,SUCCESS,0.3201
2026-07-30 02:59:02,Joyti,SUCCESS,0.3091
2026-07-30 02:59:03,Joyti,SUCCESS,0.3242
2026-07-30 02:59:04,Joyti,SUCCESS,0.3115
2026-07-30 02:59:05,Joyti,SUCCESS,0.3214
2026-07-30 02:59:06,Joyti,SUCCESS,0.3178
2026-07-30 02:59:07,Joyti,SUCCESS,0.3189
2026-07-30 02:59:08,Joyti,SUCCESS,0.3008
2026-07-30 02:59:09,Joyti,SUCCESS,0.2789
2026-07-30 02:59:10,Joyti,SUCCESS,0.2977
2026-07-30 02:59:11,Joyti,SUCCESS,0.2950
2026-07-30 02:59:12,Joyti,SUCCESS,0.2919
2026-07-30 02:59:13,Joyti,SUCCESS,0.2900
2026-07-30 02:59:14,Joyti,SUCCESS,0.3078
2026-07-30 02:59:15,Joyti,SUCCESS,0.3153
2026-07-30 02:59:17,Joyti,SUCCESS,0.3059
2026-07-30 02:59:18,Joyti,SUCCESS,0.3118
2026-07-30 02:59:19,Joyti,SUCCESS,0.2681
2026-07-30 02:59:20,Joyti,SUCCESS,0.2916
2026-07-30 02:59:21,Joyti,SUCCESS,0.2751
2026-07-30 02:59:22,Joyti,SUCCESS,0.3133
2026-07-30 02:59:23,Joyti,SUCCESS,0.2908
2026-07-30 02:59:24,Joyti,SUCCESS,0.2941
2026-07-30 02:59:25,Joyti,SUCCESS,0.2926
2026-07-30 02:59:26,Joyti,SUCCESS,0.3010
2026-07-30 02:59:27,Joyti,SUCCESS,0.3116
2026-07-30 02:59:28,unknown,FAIL_NO_FACE,
2026-07-30 02:59:29,Joyti,SUCCESS,0.3071
2026-07-30 02:59:30,Joyti,SUCCESS,0.3169
2026-07-30 02:59:32,Joyti,SUCCESS,0.2952
2026-07-30 02:59:33,Joyti,SUCCESS,0.3086
2026-07-30 02:59:34,Joyti,SUCCESS,0.3170
2026-07-30 02:59:35,Joyti,SUCCESS,0.3200
2026-07-30 02:59:36,unknown,FAIL_NO_FACE,
2026-07-30 02:59:37,unknown,FAIL_NO_FACE,
2026-07-30 02:59:38,unknown,FAIL_NO_FACE,
2026-07-30 02:59:39,unknown,FAIL_NO_FACE,
2026-07-30 02:59:40,unknown,FAIL_NO_FACE,
2026-07-30 02:59:41,Joyti,SUCCESS,0.3292
2026-07-30 02:59:42,Joyti,SUCCESS,0.2621
2026-07-30 02:59:44,Joyti,SUCCESS,0.3369
2026-07-30 02:59:45,Joyti,SUCCESS,0.3884
2026-07-30 02:59:46,Joyti,SUCCESS,0.3598
2026-07-30 02:59:47,Joyti,SUCCESS,0.3752
2026-07-30 02:59:48,Joyti,SUCCESS,0.3592
2026-07-30 02:59:49,Joyti,SUCCESS,0.3246
2026-07-30 02:59:50,Joyti,SUCCESS,0.3346
2026-07-30 02:59:51,Joyti,SUCCESS,0.3334
2026-07-30 02:59:52,Joyti,SUCCESS,0.3673
2026-07-30 02:59:53,Joyti,SUCCESS,0.3666
2026-07-30 02:59:54,Joyti,SUCCESS,0.3725
2026-07-30 02:59:55,Joyti,SUCCESS,0.3722
2026-07-30 02:59:56,Joyti,SUCCESS,0.3883
2026-07-30 02:59:57,Joyti,SUCCESS,0.3856
2026-07-30 02:59:58,Joyti,SUCCESS,0.3784
2026-07-30 02:59:59,Joyti,SUCCESS,0.3833
2026-07-30 03:00:00,Joyti,SUCCESS,0.3938
2026-07-30 03:00:01,Joyti,SUCCESS,0.3654
2026-07-30 03:00:03,Joyti,SUCCESS,0.3781
2026-07-30 03:00:04,Joyti,SUCCESS,0.3836
2026-07-30 03:00:05,Joyti,SUCCESS,0.3438
2026-07-30 03:00:06,Joyti,SUCCESS,0.3626
2026-07-30 03:00:07,Joyti,SUCCESS,0.3804
2026-07-30 03:00:08,Joyti,SUCCESS,0.3839
2026-07-30 03:00:09,Joyti,SUCCESS,0.3807
2026-07-30 03:00:10,Joyti,SUCCESS,0.3996
2026-07-30 03:00:11,Joyti,SUCCESS,0.3803
2026-07-30 03:00:12,Joyti,SUCCESS,0.3701
2026-07-30 03:00:13,Joyti,SUCCESS,0.2739
2026-07-30 03:00:14,Joyti,SUCCESS,0.3586
2026-07-30 03:00:15,Joyti,SUCCESS,0.3515
2026-07-30 03:00:16,Joyti,SUCCESS,0.3500
2026-07-30 03:00:17,Joyti,SUCCESS,0.3686
2026-07-30 03:00:18,Joyti,SUCCESS,0.3678
2026-07-30 03:00:19,Joyti,SUCCESS,0.3565
2026-07-30 03:00:20,Joyti,SUCCESS,0.3766
2026-07-30 03:00:21,Joyti,SUCCESS,0.3546
2026-07-30 03:00:22,Joyti,SUCCESS,0.3589
2026-07-30 03:00:23,Joyti,SUCCESS,0.3712
2026-07-30 03:00:25,Joyti,SUCCESS,0.3481
2026-07-30 03:00:26,Joyti,SUCCESS,0.3501
2026-07-30 03:00:26,Joyti,SUCCESS,0.3532
2026-07-30 03:00:27,Joyti,SUCCESS,0.3559
2026-07-30 03:00:28,Joyti,SUCCESS,0.3572
2026-07-30 03:00:30,Joyti,SUCCESS,0.3499
2026-07-30 03:00:31,Joyti,SUCCESS,0.3607
2026-07-30 03:00:32,Joyti,SUCCESS,0.3418
2026-07-30 03:00:33,Joyti,SUCCESS,0.3641
2026-07-30 03:00:34,Joyti,SUCCESS,0.3595
2026-07-30 03:00:35,Joyti,SUCCESS,0.3477
2026-07-30 03:00:36,Joyti,SUCCESS,0.3713
2026-07-30 03:00:37,Joyti,SUCCESS,0.3672
2026-07-30 03:00:38,Joyti,SUCCESS,0.3416
2026-07-30 03:00:39,Joyti,SUCCESS,0.3515
2026-07-30 03:00:40,Joyti,SUCCESS,0.3420
2026-07-30 03:00:41,Joyti,SUCCESS,0.3550
2026-07-30 03:00:42,Joyti,SUCCESS,0.3542
2026-07-30 03:00:43,Joyti,SUCCESS,0.3647
2026-07-30 03:00:44,Joyti,SUCCESS,0.3610
2026-07-30 03:00:45,Joyti,SUCCESS,0.3637
2026-07-30 03:00:46,Joyti,SUCCESS,0.3574
2026-07-30 03:00:48,Joyti,SUCCESS,0.3617
2026-07-30 03:00:49,Joyti,SUCCESS,0.3401
2026-07-30 03:00:50,Joyti,SUCCESS,0.3634
2026-07-30 03:00:50,Joyti,SUCCESS,0.3519
2026-07-30 03:00:52,Joyti,SUCCESS,0.3557
2026-07-30 03:00:53,Joyti,SUCCESS,0.3541
2026-07-30 03:00:54,Joyti,SUCCESS,0.3729
2026-07-30 03:00:55,Joyti,SUCCESS,0.3778
2026-07-30 03:00:56,Joyti,SUCCESS,0.3736
2026-07-30 03:00:57,Joyti,SUCCESS,0.3743
2026-07-30 03:00:58,Joyti,SUCCESS,0.3522
2026-07-30 03:00:59,unknown,FAIL_NO_FACE,
2026-07-30 03:01:00,unknown,FAIL_NO_FACE,
2026-07-30 03:01:01,Joyti,SUCCESS,0.3860
2026-07-30 03:01:02,Joyti,SUCCESS,0.3353
2026-07-30 03:01:03,unknown,FAIL_NO_FACE,
2026-07-30 03:01:04,unknown,FAIL_NO_FACE,
2026-07-30 03:01:05,unknown,FAIL_NO_FACE,
2026-07-30 03:01:06,unknown,FAIL_NO_FACE,
2026-07-30 03:01:07,unknown,FAIL_NO_FACE,
2026-07-30 03:01:08,unknown,FAIL_NO_FACE,
2026-07-30 03:01:10,Joyti,SUCCESS,0.3761
2026-07-30 03:01:11,Joyti,SUCCESS,0.3916
2026-07-30 03:01:12,Joyti,SUCCESS,0.3716
2026-07-30 03:01:13,Joyti,SUCCESS,0.3628
2026-07-30 03:01:14,Joyti,SUCCESS,0.3601
2026-07-30 03:01:15,Joyti,SUCCESS,0.3611
2026-07-30 03:01:16,Joyti,SUCCESS,0.3551
2026-07-30 03:01:17,Joyti,SUCCESS,0.3510
2026-07-30 03:01:18,Joyti,SUCCESS,0.3515
2026-07-30 03:01:19,Joyti,SUCCESS,0.3456
2026-07-30 03:01:20,Joyti,SUCCESS,0.3354
2026-07-30 03:01:21,Joyti,SUCCESS,0.3308
2026-07-30 03:01:22,Joyti,SUCCESS,0.3533
2026-07-30 03:01:23,Joyti,SUCCESS,0.3506
2026-07-30 03:01:24,Joyti,SUCCESS,0.3509
2026-07-30 03:01:25,Joyti,SUCCESS,0.3272
2026-07-30 03:01:26,Joyti,SUCCESS,0.3519
2026-07-30 03:01:27,unknown,FAIL_NO_FACE,
2026-07-30 03:01:29,Joyti,SUCCESS,0.4202
2026-07-30 03:01:30,Joyti,SUCCESS,0.3549
2026-07-30 03:01:31,Joyti,SUCCESS,0.3804
2026-07-30 03:01:32,Joyti,SUCCESS,0.3933
2026-07-30 03:01:33,Joyti,SUCCESS,0.3721
2026-07-30 03:01:34,Joyti,SUCCESS,0.3742
2026-07-30 03:01:35,Joyti,SUCCESS,0.3902
2026-07-30 03:01:36,Joyti,SUCCESS,0.3955
2026-07-30 03:01:37,Joyti,SUCCESS,0.3855
2026-07-30 03:01:38,Joyti,SUCCESS,0.3863
2026-07-30 03:01:39,Joyti,SUCCESS,0.3639
2026-07-30 03:01:40,Joyti,SUCCESS,0.3705
2026-07-30 03:01:41,Joyti,SUCCESS,0.3806
2026-07-30 03:01:42,Joyti,SUCCESS,0.3877
2026-07-30 03:01:44,Joyti,SUCCESS,0.3582
2026-07-30 03:01:45,Joyti,SUCCESS,0.3280
2026-07-30 03:01:46,Joyti,SUCCESS,0.3286
2026-07-30 03:01:47,Joyti,SUCCESS,0.3190
2026-07-30 03:01:48,Joyti,SUCCESS,0.3398
2026-07-30 03:01:49,Joyti,SUCCESS,0.3460
2026-07-30 03:01:50,Joyti,SUCCESS,0.3425
2026-07-30 03:01:51,Joyti,SUCCESS,0.3029
2026-07-30 03:01:52,Joyti,SUCCESS,0.3536
2026-07-30 03:01:53,unknown,FAIL_NO_MATCH,0.7345
2026-07-30 03:01:54,unknown,FAIL_NO_FACE,
2026-07-30 03:01:55,unknown,FAIL_NO_FACE,
2026-07-30 03:01:56,unknown,FAIL_NO_FACE,
2026-07-30 03:01:57,unknown,FAIL_NO_FACE,
2026-07-30 03:01:58,unknown,FAIL_NO_FACE,
2026-07-30 03:01:59,unknown,FAIL_NO_FACE,
2026-07-30 03:02:00,unknown,FAIL_NO_FACE,
2026-07-30 03:02:01,Joyti,SUCCESS,0.2824
2026-07-30 03:02:02,unknown,FAIL_NO_FACE,
2026-07-30 03:02:03,unknown,FAIL_NO_FACE,
2026-07-30 03:02:04,unknown,FAIL_NO_FACE,
2026-07-30 03:02:05,unknown,FAIL_NO_FACE,
2026-07-30 03:02:07,unknown,FAIL_NO_FACE,
2026-07-30 03:02:08,unknown,FAIL_NO_FACE,
2026-07-30 03:02:09,unknown,FAIL_NO_FACE,
2026-07-30 03:02:10,unknown,FAIL_NO_FACE,
2026-07-30 03:02:11,unknown,FAIL_NO_FACE,
2026-07-30 03:02:12,unknown,FAIL_NO_FACE,
2026-07-30 03:02:13,unknown,FAIL_NO_FACE,
2026-07-30 03:02:14,unknown,FAIL_NO_FACE,
2026-07-30 03:02:15,unknown,FAIL_NO_FACE,
2026-07-30 03:02:16,unknown,FAIL_NO_FACE,
2026-07-30 03:02:17,unknown,FAIL_NO_FACE,
2026-07-30 03:02:18,unknown,FAIL_NO_FACE,
2026-07-30 03:02:19,unknown,FAIL_NO_FACE,
2026-07-30 03:02:20,unknown,FAIL_NO_FACE,
2026-07-30 03:02:21,unknown,FAIL_NO_FACE,
2026-07-30 03:02:22,unknown,FAIL_NO_FACE,
2026-07-30 03:02:23,unknown,FAIL_NO_FACE,
2026-07-30 03:02:25,unknown,FAIL_NO_FACE,
2026-07-30 03:02:26,unknown,FAIL_NO_FACE,
2026-07-30 03:02:27,unknown,FAIL_NO_FACE,
2026-07-30 03:02:28,unknown,FAIL_NO_FACE,
2026-07-30 03:02:29,unknown,FAIL_NO_FACE,
2026-07-30 03:02:30,unknown,FAIL_NO_FACE,
2026-07-30 03:02:31,unknown,FAIL_NO_FACE,
2026-07-30 03:02:32,unknown,FAIL_NO_FACE,
2026-07-30 03:02:33,unknown,FAIL_NO_FACE,
2026-07-30 03:02:34,unknown,FAIL_NO_FACE,
2026-07-30 03:02:35,unknown,FAIL_NO_FACE,
2026-07-30 03:02:36,unknown,FAIL_NO_FACE,
2026-07-30 03:02:37,unknown,FAIL_NO_FACE,
2026-07-30 03:02:38,unknown,FAIL_NO_FACE,
2026-07-30 03:02:39,unknown,FAIL_NO_FACE,
2026-07-30 03:02:40,unknown,FAIL_NO_FACE,
2026-07-30 03:02:41,unknown,FAIL_NO_FACE,
2026-07-30 03:02:43,unknown,FAIL_NO_FACE,
2026-07-30 03:02:44,unknown,FAIL_NO_FACE,
2026-07-30 03:02:45,unknown,FAIL_NO_FACE,
2026-07-30 03:02:46,unknown,FAIL_NO_FACE,
2026-07-30 03:02:47,unknown,FAIL_NO_FACE,
2026-07-30 03:02:48,unknown,FAIL_NO_FACE,
2026-07-30 03:02:49,unknown,FAIL_NO_FACE,
2026-07-30 03:02:50,unknown,FAIL_NO_FACE,
2026-07-30 03:02:51,unknown,FAIL_NO_FACE,
2026-07-30 03:02:52,unknown,FAIL_NO_FACE,
2026-07-30 03:02:53,unknown,FAIL_NO_FACE,
2026-07-30 03:02:54,unknown,FAIL_NO_FACE,
2026-07-30 03:02:55,unknown,FAIL_NO_FACE,
2026-07-30 03:02:56,unknown,FAIL_NO_FACE,
2026-07-30 03:02:58,unknown,FAIL_NO_FACE,
2026-07-30 03:02:59,unknown,FAIL_NO_FACE,
2026-07-30 03:03:01,Joyti,SUCCESS,0.3043
2026-07-30 03:03:02,Joyti,SUCCESS,0.2955
2026-07-30 03:03:02,Joyti,SUCCESS,0.2872
2026-07-30 03:03:03,unknown,FAIL_NO_FACE,
2026-07-30 03:03:04,unknown,FAIL_NO_FACE,
2026-07-30 03:03:05,unknown,FAIL_NO_FACE,
2026-07-30 03:03:06,unknown,FAIL_NO_FACE,
2026-07-30 03:03:07,Joyti,SUCCESS,0.2851
2026-07-30 03:03:08,Joyti,SUCCESS,0.3436
2026-07-30 03:03:09,unknown,FAIL_NO_FACE,
2026-07-30 03:03:10,unknown,FAIL_NO_FACE,
2026-07-30 03:03:11,Joyti,SUCCESS,0.2939
2026-07-30 03:03:13,Joyti,SUCCESS,0.3293
2026-07-30 03:03:14,Joyti,SUCCESS,0.3040
2026-07-30 03:03:15,Joyti,SUCCESS,0.3316
2026-07-30 03:03:16,Joyti,SUCCESS,0.3238
2026-07-30 03:03:17,Joyti,SUCCESS,0.3125
2026-07-30 03:03:18,unknown,FAIL_NO_FACE,
2026-07-30 03:03:19,Joyti,SUCCESS,0.3602
2026-07-30 03:03:20,unknown,FAIL_NO_FACE,
2026-07-30 03:03:21,unknown,FAIL_NO_FACE,
2026-07-30 03:03:22,unknown,FAIL_NO_FACE,
2026-07-30 03:03:23,unknown,FAIL_NO_FACE,
2026-07-30 03:03:24,unknown,FAIL_NO_FACE,
2026-07-30 03:03:25,unknown,FAIL_NO_FACE,
2026-07-30 03:03:26,unknown,FAIL_NO_FACE,
2026-07-30 03:03:30,Joyti,SUCCESS,0.2932
2026-07-30 03:03:31,Joyti,SUCCESS,0.3005
2026-07-30 03:03:31,unknown,FAIL_NO_FACE,
2026-07-30 03:03:33,Joyti,SUCCESS,0.3109
2026-07-30 03:03:33,unknown,FAIL_NO_FACE,
2026-07-30 03:03:34,unknown,FAIL_NO_FACE,
2026-07-30 03:03:35,unknown,FAIL_NO_FACE,
2026-07-30 03:03:36,unknown,FAIL_NO_FACE,
2026-07-30 03:03:37,unknown,FAIL_NO_FACE,
2026-07-30 03:03:38,unknown,FAIL_NO_FACE,
2026-07-30 03:03:39,unknown,FAIL_NO_FACE,
2026-07-30 03:03:40,unknown,FAIL_NO_FACE,
2026-07-30 03:03:42,unknown,FAIL_NO_FACE,
2026-07-30 03:03:43,unknown,FAIL_NO_FACE,
2026-07-30 03:03:44,unknown,FAIL_NO_FACE,
2026-07-30 03:03:45,unknown,FAIL_NO_FACE,
2026-07-30 03:03:46,Joyti,SUCCESS,0.2967
2026-07-30 03:03:47,unknown,FAIL_NO_FACE,
2026-07-30 03:03:48,unknown,FAIL_NO_FACE,
2026-07-30 03:03:49,unknown,FAIL_NO_FACE,
2026-07-30 03:03:50,unknown,FAIL_NO_FACE,
2026-07-30 03:03:51,unknown,FAIL_NO_FACE,
2026-07-30 03:03:52,unknown,FAIL_NO_FACE,
2026-07-30 03:03:53,unknown,FAIL_NO_FACE,
2026-07-30 03:03:54,unknown,FAIL_NO_FACE,
2026-07-30 03:03:56,unknown,FAIL_NO_FACE,
2026-07-30 03:03:57,unknown,FAIL_NO_FACE,
2026-07-30 03:03:58,unknown,FAIL_NO_FACE,
2026-07-30 03:03:59,unknown,FAIL_NO_FACE,
2026-07-30 03:04:00,unknown,FAIL_NO_FACE,
2026-07-30 03:04:01,unknown,FAIL_NO_FACE,
2026-07-30 03:04:02,unknown,FAIL_NO_FACE,
2026-07-30 03:04:03,unknown,FAIL_NO_FACE,
2026-07-30 03:04:04,unknown,FAIL_NO_FACE,
2026-07-30 03:04:05,Joyti,SUCCESS,0.3950
2026-07-30 03:04:06,Joyti,SUCCESS,0.4293
2026-07-30 03:04:07,Joyti,SUCCESS,0.4069
2026-07-30 03:04:09,Joyti,SUCCESS,0.3511
2026-07-30 03:04:09,Joyti,SUCCESS,0.3675
2026-07-30 03:04:10,Joyti,SUCCESS,0.3812
2026-07-30 03:04:11,unknown,FAIL_NO_FACE,
2026-07-30 03:04:12,unknown,FAIL_NO_FACE,
2026-07-30 03:04:13,unknown,FAIL_NO_FACE,
2026-07-30 03:04:14,unknown,FAIL_NO_FACE,
2026-07-30 03:04:15,unknown,FAIL_NO_FACE,
2026-07-30 03:04:16,unknown,FAIL_NO_FACE,
2026-07-30 03:04:17,unknown,FAIL_NO_FACE,
2026-07-30 03:04:19,unknown,FAIL_NO_FACE,
2026-07-30 03:04:20,unknown,FAIL_NO_FACE,
2026-07-30 03:04:21,unknown,FAIL_NO_FACE,
2026-07-30 03:04:22,unknown,FAIL_NO_FACE,
2026-07-30 03:04:23,unknown,FAIL_NO_FACE,
2026-07-30 03:04:24,unknown,FAIL_NO_FACE,
2026-07-30 03:04:25,unknown,FAIL_NO_FACE,
2026-07-30 03:04:26,unknown,FAIL_NO_FACE,
2026-07-30 03:04:27,unknown,FAIL_NO_FACE,
2026-07-30 03:04:28,unknown,FAIL_NO_FACE,
2026-07-30 03:04:29,unknown,FAIL_NO_FACE,
2026-07-30 03:04:30,unknown,FAIL_NO_FACE,
2026-07-30 03:04:31,unknown,FAIL_NO_FACE,
2026-07-30 03:04:32,unknown,FAIL_NO_FACE,
2026-07-30 03:04:33,unknown,FAIL_NO_FACE,
2026-07-30 03:04:34,unknown,FAIL_NO_FACE,
2026-07-30 03:04:35,unknown,FAIL_NO_FACE,
2026-07-30 03:04:36,unknown,FAIL_NO_FACE,
2026-07-30 03:04:37,unknown,FAIL_NO_FACE,
2026-07-30 03:04:38,unknown,FAIL_NO_FACE,
2026-07-30 03:04:39,unknown,FAIL_NO_FACE,
2026-07-30 03:04:41,unknown,FAIL_NO_FACE,
2026-07-30 03:04:42,unknown,FAIL_NO_FACE,
2026-07-30 03:04:43,unknown,FAIL_NO_FACE,
2026-07-30 03:04:44,unknown,FAIL_NO_FACE,
2026-07-30 03:04:45,unknown,FAIL_NO_FACE,
2026-07-30 03:04:46,unknown,FAIL_NO_FACE,
2026-07-30 03:04:47,unknown,FAIL_NO_FACE,
2026-07-30 03:04:48,unknown,FAIL_NO_FACE,
2026-07-30 03:04:49,unknown,FAIL_NO_FACE,
2026-07-30 03:04:50,unknown,FAIL_NO_FACE,
2026-07-30 03:04:51,unknown,FAIL_NO_FACE,
2026-07-30 03:04:52,unknown,FAIL_NO_FACE,
2026-07-30 03:04:53,unknown,FAIL_NO_FACE,
2026-07-30 03:04:54,unknown,FAIL_NO_FACE,
2026-07-30 03:04:55,unknown,FAIL_NO_FACE,
2026-07-30 03:04:57,unknown,FAIL_NO_FACE,
2026-07-30 03:04:58,unknown,FAIL_NO_FACE,
2026-07-30 03:04:59,unknown,FAIL_NO_FACE,
2026-07-30 03:05:00,unknown,FAIL_NO_FACE,
2026-07-30 03:05:01,unknown,FAIL_NO_FACE,
2026-07-30 03:05:02,unknown,FAIL_NO_FACE,
2026-07-30 03:05:03,unknown,FAIL_NO_FACE,
2026-07-30 03:05:04,unknown,FAIL_NO_FACE,
2026-07-30 03:05:05,unknown,FAIL_NO_FACE,
2026-07-30 03:05:06,unknown,FAIL_NO_FACE,
2026-07-30 03:05:07,unknown,FAIL_NO_FACE,
2026-07-30 03:05:08,unknown,FAIL_NO_FACE,
2026-07-30 03:05:09,unknown,FAIL_NO_FACE,
2026-07-30 03:05:10,unknown,FAIL_NO_FACE,
2026-07-30 03:05:11,unknown,FAIL_NO_FACE,
2026-07-30 03:05:12,unknown,FAIL_NO_FACE,
2026-07-30 03:05:13,unknown,FAIL_NO_FACE,
2026-07-30 03:05:15,unknown,FAIL_NO_FACE,
2026-07-30 03:05:16,unknown,FAIL_NO_FACE,
2026-07-30 03:05:17,unknown,FAIL_NO_FACE,
2026-07-30 03:05:18,unknown,FAIL_NO_FACE,
2026-07-30 03:05:19,unknown,FAIL_NO_FACE,
2026-07-30 03:05:20,unknown,FAIL_NO_FACE,
2026-07-30 03:05:21,unknown,FAIL_NO_FACE,
2026-07-30 03:05:22,unknown,FAIL_NO_FACE,
2026-07-30 03:05:23,unknown,FAIL_NO_FACE,
2026-07-30 03:05:24,unknown,FAIL_NO_FACE,
2026-07-30 03:05:25,unknown,FAIL_NO_FACE,
2026-07-30 03:05:26,unknown,FAIL_NO_FACE,
2026-07-30 03:05:27,unknown,FAIL_NO_FACE,
2026-07-30 03:05:28,unknown,FAIL_NO_FACE,
2026-07-30 03:05:29,unknown,FAIL_NO_FACE,
2026-07-30 03:05:30,unknown,FAIL_NO_FACE,
2026-07-30 03:05:31,unknown,FAIL_NO_FACE,
2026-07-30 03:05:32,unknown,FAIL_NO_FACE,
2026-07-30 03:05:33,unknown,FAIL_NO_FACE,
2026-07-30 03:05:34,unknown,FAIL_NO_FACE,
2026-07-30 03:05:35,unknown,FAIL_NO_FACE,
2026-07-30 03:05:37,unknown,FAIL_NO_FACE,
2026-07-30 03:05:38,unknown,FAIL_NO_FACE,
2026-07-30 03:05:39,unknown,FAIL_NO_FACE,
2026-07-30 03:05:40,unknown,FAIL_NO_FACE,
2026-07-30 03:05:41,unknown,FAIL_NO_FACE,
2026-07-30 03:05:42,unknown,FAIL_NO_FACE,
2026-07-30 03:05:43,unknown,FAIL_NO_FACE,
2026-07-30 03:05:44,unknown,FAIL_NO_FACE,
2026-07-30 03:05:45,unknown,FAIL_NO_FACE,
2026-07-30 03:05:46,unknown,FAIL_NO_FACE,
2026-07-30 03:05:47,unknown,FAIL_NO_FACE,
2026-07-30 03:05:48,unknown,FAIL_NO_FACE,
2026-07-30 03:05:49,unknown,FAIL_NO_FACE,
2026-07-30 03:05:50,unknown,FAIL_NO_FACE,
2026-07-30 03:05:51,unknown,FAIL_NO_FACE,
2026-07-30 03:05:52,unknown,FAIL_NO_FACE,
2026-07-30 03:19:18,unknown,FAIL_NO_FACE,
2026-07-30 03:19:19,unknown,FAIL_NO_FACE,
2026-07-30 03:19:20,unknown,FAIL_NO_FACE,
2026-07-30 03:19:21,unknown,FAIL_NO_FACE,
2026-07-30 03:19:22,unknown,FAIL_NO_FACE,
2026-07-30 03:19:23,unknown,FAIL_NO_FACE,
2026-07-30 03:19:24,unknown,FAIL_NO_FACE,
2026-07-30 03:19:26,Joyti,SUCCESS,0.2922
2026-07-30 03:19:26,unknown,FAIL_NO_FACE,
2026-07-30 03:19:27,unknown,FAIL_NO_FACE,
2026-07-30 03:19:28,unknown,FAIL_NO_FACE,
2026-07-30 03:19:29,unknown,FAIL_NO_FACE,
2026-07-30 03:19:30,unknown,FAIL_NO_FACE,
2026-07-30 03:19:32,Joyti,SUCCESS,0.3364
2026-07-30 03:19:32,unknown,FAIL_NO_FACE,
2026-07-30 03:19:33,unknown,FAIL_NO_FACE,
2026-07-30 03:19:35,unknown,FAIL_NO_FACE,
2026-07-30 03:19:36,unknown,FAIL_NO_FACE,
2026-07-30 03:19:36,unknown,FAIL_NO_FACE,
2026-07-30 03:19:37,unknown,FAIL_NO_FACE,
2026-07-30 03:19:39,unknown,FAIL_NO_FACE,
2026-07-30 03:19:40,unknown,FAIL_NO_FACE,
2026-07-30 03:19:41,unknown,FAIL_NO_FACE,
2026-07-30 03:19:42,unknown,FAIL_NO_FACE,
2026-07-30 03:19:45,unknown,FAIL_NO_FACE,
2026-07-30 03:19:46,unknown,FAIL_NO_FACE,
2026-07-30 03:19:47,unknown,FAIL_NO_FACE,
2026-07-30 03:19:48,unknown,FAIL_NO_FACE,
2026-07-30 03:19:49,unknown,FAIL_NO_FACE,
2026-07-30 03:19:50,unknown,FAIL_NO_FACE,
2026-07-30 03:19:51,unknown,FAIL_NO_FACE,
2026-07-30 03:19:52,unknown,FAIL_NO_FACE,
2026-07-30 03:19:53,unknown,FAIL_NO_FACE,
2026-07-30 03:19:54,unknown,FAIL_NO_FACE,
2026-07-30 03:19:55,unknown,FAIL_NO_FACE,
2026-07-30 03:19:56,unknown,FAIL_NO_FACE,
2026-07-30 03:19:57,unknown,FAIL_NO_FACE,
2026-07-30 03:19:58,unknown,FAIL_NO_FACE,
2026-07-30 03:19:59,unknown,FAIL_NO_FACE,
2026-07-30 03:20:01,unknown,FAIL_NO_FACE,
2026-07-30 03:20:02,unknown,FAIL_NO_FACE,
2026-07-30 03:20:03,Joyti,SUCCESS,0.3449
2026-07-30 03:20:04,unknown,FAIL_NO_FACE,
2026-07-30 03:20:05,unknown,FAIL_NO_FACE,
2026-07-30 03:20:06,unknown,FAIL_NO_FACE,
2026-07-30 03:20:07,unknown,FAIL_NO_FACE,
2026-07-30 03:20:08,unknown,FAIL_NO_FACE,
2026-07-30 03:20:09,unknown,FAIL_NO_FACE,
2026-07-30 03:20:10,Joyti,SUCCESS,0.2970
2026-07-30 03:20:11,unknown,FAIL_NO_FACE,
2026-07-30 03:20:12,Joyti,SUCCESS,0.2736
2026-07-30 03:20:13,unknown,FAIL_NO_FACE,
2026-07-30 03:20:14,unknown,FAIL_NO_FACE,
2026-07-30 03:20:15,unknown,FAIL_NO_FACE,
2026-07-30 03:20:16,unknown,FAIL_NO_FACE,
2026-07-30 03:20:17,unknown,FAIL_NO_FACE,
2026-07-30 03:20:18,unknown,FAIL_NO_FACE,
2026-07-30 03:20:19,unknown,FAIL_NO_FACE,
2026-07-30 03:20:20,unknown,FAIL_NO_FACE,
2026-07-30 03:20:21,unknown,FAIL_NO_FACE,
2026-07-30 03:20:22,unknown,FAIL_NO_FACE,
2026-07-30 03:20:23,unknown,FAIL_NO_FACE,
2026-07-30 03:20:24,unknown,FAIL_NO_FACE,
2026-07-30 03:20:25,unknown,FAIL_NO_FACE,
2026-07-30 03:20:26,unknown,FAIL_NO_FACE,
2026-07-30 03:20:28,unknown,FAIL_NO_FACE,
2026-07-30 03:20:28,unknown,FAIL_NO_FACE,
2026-07-30 03:20:30,unknown,FAIL_NO_FACE,
2026-07-30 03:20:31,unknown,FAIL_NO_FACE,
2026-07-30 03:20:40,unknown,FAIL_NO_FACE,
2026-07-30 03:20:41,unknown,FAIL_NO_FACE,
2026-07-30 03:20:42,unknown,FAIL_NO_FACE,
2026-07-30 03:20:43,unknown,FAIL_NO_FACE,
2026-07-30 03:20:44,unknown,FAIL_NO_FACE,
2026-07-30 03:20:45,unknown,FAIL_NO_FACE,
2026-07-30 03:20:46,unknown,FAIL_NO_FACE,
2026-07-30 03:20:47,unknown,FAIL_NO_FACE,
2026-07-30 03:20:48,unknown,FAIL_NO_FACE,
2026-07-30 03:20:49,unknown,FAIL_NO_FACE,
2026-07-30 03:20:51,Joyti,SUCCESS,0.2995
2026-07-30 03:20:51,unknown,FAIL_NO_FACE,
2026-07-30 03:20:52,unknown,FAIL_NO_FACE,
2026-07-30 03:20:53,unknown,FAIL_NO_FACE,
2026-07-30 03:20:55,unknown,FAIL_NO_FACE,
2026-07-30 03:20:56,unknown,FAIL_NO_FACE,
2026-07-30 03:20:56,unknown,FAIL_NO_FACE,
2026-07-30 03:20:57,unknown,FAIL_NO_FACE,
2026-07-30 03:20:59,unknown,FAIL_NO_FACE,
2026-07-30 03:21:00,unknown,FAIL_NO_FACE,
2026-07-30 03:21:01,unknown,FAIL_NO_FACE,
2026-07-30 03:21:02,unknown,FAIL_NO_FACE,
2026-07-30 03:21:03,unknown,FAIL_NO_FACE,
2026-07-30 03:21:04,unknown,FAIL_NO_FACE,
2026-07-30 03:21:05,unknown,FAIL_NO_FACE,
2026-07-30 03:21:06,unknown,FAIL_NO_FACE,
2026-07-30 03:21:07,unknown,FAIL_NO_FACE,
2026-07-30 03:21:08,unknown,FAIL_NO_FACE,
2026-07-30 03:21:09,unknown,FAIL_NO_FACE,
2026-07-30 03:21:10,unknown,FAIL_NO_FACE,
2026-07-30 03:21:11,unknown,FAIL_NO_FACE,
2026-07-30 03:21:12,unknown,FAIL_NO_FACE,
2026-07-30 03:21:13,unknown,FAIL_NO_FACE,
2026-07-30 03:21:14,unknown,FAIL_NO_FACE,
2026-07-30 03:21:15,unknown,FAIL_NO_FACE,
2026-07-30 03:21:16,unknown,FAIL_NO_FACE,
2026-07-30 03:21:18,unknown,FAIL_NO_FACE,
2026-07-30 03:21:18,unknown,FAIL_NO_FACE,
2026-07-30 03:21:19,unknown,FAIL_NO_FACE,
2026-07-30 03:21:20,unknown,FAIL_NO_FACE,
2026-07-30 03:21:21,unknown,FAIL_NO_FACE,
2026-07-30 03:21:22,unknown,FAIL_NO_FACE,
2026-07-30 05:30:54,unknown,FAIL_NO_FACE,
2026-07-30 05:30:56,unknown,FAIL_NO_FACE,
2026-07-30 05:30:57,unknown,FAIL_NO_FACE,
2026-07-30 05:30:58,unknown,FAIL_NO_FACE,
2026-07-30 05:30:59,unknown,FAIL_NO_FACE,
2026-07-30 05:31:00,unknown,FAIL_NO_FACE,
2026-07-30 05:31:01,unknown,FAIL_NO_FACE,
2026-07-30 05:31:02,unknown,FAIL_NO_FACE,
2026-07-30 05:31:03,unknown,FAIL_NO_FACE,
2026-07-30 05:31:04,unknown,FAIL_NO_FACE,
2026-07-30 05:31:05,unknown,FAIL_NO_FACE,
2026-07-30 05:31:06,unknown,FAIL_NO_FACE,
2026-07-30 05:31:07,unknown,FAIL_NO_FACE,
2026-07-30 05:31:08,unknown,FAIL_NO_FACE,
2026-07-30 05:31:09,unknown,FAIL_NO_FACE,
2026-07-30 05:31:10,unknown,FAIL_NO_FACE,
2026-07-30 05:31:11,unknown,FAIL_NO_FACE,
2026-07-30 05:31:12,unknown,FAIL_NO_FACE,
2026-07-30 05:31:13,unknown,FAIL_NO_FACE,
2026-07-30 05:31:14,unknown,FAIL_NO_FACE,
2026-07-30 05:31:15,unknown,FAIL_NO_FACE,
2026-07-30 05:31:16,unknown,FAIL_NO_FACE,
2026-07-30 05:31:17,unknown,FAIL_NO_FACE,
2026-07-30 05:31:18,unknown,FAIL_NO_FACE,
2026-07-30 05:31:19,unknown,FAIL_NO_FACE,
2026-07-30 05:31:20,unknown,FAIL_NO_FACE,
2026-07-30 05:31:21,unknown,FAIL_NO_FACE,
2026-07-30 05:31:22,unknown,FAIL_NO_FACE,
2026-07-30 05:31:23,unknown,FAIL_NO_FACE,
2026-07-30 05:31:24,unknown,FAIL_NO_FACE,
2026-07-30 05:31:25,unknown,FAIL_NO_FACE,
2026-07-30 05:31:26,unknown,FAIL_NO_FACE,
2026-07-30 05:31:27,unknown,FAIL_NO_FACE,
2026-07-30 05:31:28,unknown,FAIL_NO_FACE,
2026-07-30 05:31:29,unknown,FAIL_NO_FACE,
2026-07-30 05:31:30,unknown,FAIL_NO_FACE,
2026-07-30 05:31:31,unknown,FAIL_NO_FACE,
2026-07-30 05:31:32,unknown,FAIL_NO_FACE,
2026-07-30 05:31:33,unknown,FAIL_NO_FACE,
2026-07-30 05:31:34,unknown,FAIL_NO_FACE,
2026-07-30 05:31:35,unknown,FAIL_NO_FACE,
2026-07-30 05:31:36,unknown,FAIL_NO_FACE,
2026-07-30 05:31:37,unknown,FAIL_NO_FACE,
2026-07-30 05:31:38,unknown,FAIL_NO_FACE,
2026-07-30 05:31:39,unknown,FAIL_NO_FACE,
2026-07-30 05:31:40,unknown,FAIL_NO_FACE,
2026-07-30 05:31:42,unknown,FAIL_NO_FACE,
2026-07-30 05:31:42,unknown,FAIL_NO_FACE,
2026-07-30 05:31:43,unknown,FAIL_NO_FACE,
2026-07-30 05:31:44,unknown,FAIL_NO_FACE,
2026-07-30 05:31:45,unknown,FAIL_NO_FACE,
2026-07-30 05:31:47,unknown,FAIL_NO_FACE,
2026-07-30 05:31:48,unknown,FAIL_NO_FACE,
2026-07-30 05:31:49,unknown,FAIL_NO_FACE,
2026-07-30 05:31:50,unknown,FAIL_NO_FACE,
2026-07-30 05:31:51,unknown,FAIL_NO_FACE,
2026-07-30 05:31:52,unknown,FAIL_NO_FACE,
2026-07-30 05:31:53,unknown,FAIL_NO_FACE,
2026-07-30 05:31:54,unknown,FAIL_NO_FACE,
2026-07-30 05:31:57,unknown,FAIL_NO_FACE,
2026-07-30 05:31:59,unknown,FAIL_NO_FACE,
2026-07-30 05:32:00,unknown,FAIL_NO_FACE,
2026-07-30 05:32:00,unknown,FAIL_NO_FACE,
2026-07-30 05:32:02,unknown,FAIL_NO_FACE,
2026-07-30 05:32:03,unknown,FAIL_NO_FACE,
2026-07-30 05:32:04,unknown,FAIL_NO_FACE,
2026-07-30 05:32:05,unknown,FAIL_NO_FACE,
2026-07-30 05:32:06,unknown,FAIL_NO_FACE,
2026-07-30 05:32:08,unknown,FAIL_NO_FACE,
2026-07-30 05:32:11,unknown,FAIL_NO_FACE,
2026-07-30 05:32:12,unknown,FAIL_NO_FACE,
2026-07-30 05:32:13,unknown,FAIL_NO_FACE,
2026-07-30 05:32:14,unknown,FAIL_NO_FACE,
2026-07-30 05:32:15,unknown,FAIL_NO_FACE,
2026-07-30 05:32:16,unknown,FAIL_NO_FACE,
2026-07-30 05:32:17,unknown,FAIL_NO_FACE,
2026-07-30 05:32:18,unknown,FAIL_NO_FACE,
2026-07-30 05:32:19,unknown,FAIL_NO_FACE,
2026-07-30 05:32:20,unknown,FAIL_NO_FACE,
2026-07-30 05:32:25,unknown,FAIL_NO_FACE,
2026-07-30 05:32:25,unknown,FAIL_NO_FACE,
2026-07-30 05:32:26,unknown,FAIL_NO_FACE,
2026-07-30 05:32:27,unknown,FAIL_NO_FACE,
2026-07-30 05:32:28,unknown,FAIL_NO_FACE,
2026-07-30 05:32:29,unknown,FAIL_NO_FACE,
2026-07-30 05:32:30,unknown,FAIL_NO_FACE,
2026-07-30 05:32:31,unknown,FAIL_NO_FACE,
2026-07-30 05:32:32,unknown,FAIL_NO_FACE,
2026-07-30 05:32:33,unknown,FAIL_NO_FACE,
2026-07-30 05:32:35,unknown,FAIL_NO_FACE,
2026-07-30 05:32:36,unknown,FAIL_NO_FACE,
2026-07-30 05:32:37,unknown,FAIL_NO_FACE,
2026-07-30 05:32:38,unknown,FAIL_NO_FACE,
2026-07-30 05:32:39,unknown,FAIL_NO_FACE,
2026-07-30 05:32:40,unknown,FAIL_NO_FACE,
2026-07-30 05:32:41,unknown,FAIL_NO_FACE,
2026-07-30 05:32:42,unknown,FAIL_NO_FACE,
2026-07-30 05:32:43,unknown,FAIL_NO_FACE,
2026-07-30 05:32:44,unknown,FAIL_NO_FACE,
2026-07-30 05:32:45,unknown,FAIL_NO_FACE,
2026-07-30 05:32:46,unknown,FAIL_NO_FACE,
2026-07-30 05:32:47,unknown,FAIL_NO_FACE,
2026-07-30 05:32:48,unknown,FAIL_NO_FACE,
2026-07-30 05:32:49,unknown,FAIL_NO_FACE,
2026-07-30 05:32:50,unknown,FAIL_NO_FACE,
2026-07-30 05:32:51,unknown,FAIL_NO_FACE,
2026-07-30 05:32:52,unknown,FAIL_NO_FACE,
2026-07-30 05:32:53,unknown,FAIL_NO_FACE,
2026-07-30 05:32:54,unknown,FAIL_NO_FACE,
2026-07-30 05:32:55,unknown,FAIL_NO_FACE,
2026-07-30 05:32:56,unknown,FAIL_NO_FACE,
2026-07-30 05:32:57,unknown,FAIL_NO_FACE,
2026-07-30 05:32:58,unknown,FAIL_NO_FACE,
2026-07-30 05:32:59,unknown,FAIL_NO_FACE,
2026-07-30 05:33:05,unknown,FAIL_NO_FACE,
2026-07-30 05:33:06,unknown,FAIL_NO_FACE,
2026-07-30 05:33:07,unknown,FAIL_NO_FACE,
2026-07-30 05:33:08,unknown,FAIL_NO_FACE,
2026-07-30 05:33:09,unknown,FAIL_NO_FACE,
2026-07-30 05:33:09,unknown,FAIL_NO_FACE,
2026-07-30 05:33:11,unknown,FAIL_NO_FACE,
2026-07-30 05:33:12,unknown,FAIL_NO_FACE,
2026-07-30 05:33:13,unknown,FAIL_NO_FACE,
2026-07-30 05:33:14,unknown,FAIL_NO_FACE,
2026-07-30 05:33:15,unknown,FAIL_NO_FACE,
2026-07-30 05:33:16,unknown,FAIL_NO_FACE,
2026-07-30 05:33:17,unknown,FAIL_NO_FACE,
2026-07-30 05:33:18,unknown,FAIL_NO_FACE,
2026-07-30 05:33:19,unknown,FAIL_NO_FACE,
2026-07-30 05:33:20,unknown,FAIL_NO_FACE,
2026-07-30 05:33:21,unknown,FAIL_NO_FACE,
2026-07-30 05:33:22,unknown,FAIL_NO_FACE,
2026-07-30 05:33:23,unknown,FAIL_NO_FACE,
2026-07-30 05:33:24,unknown,FAIL_NO_FACE,
2026-07-30 05:33:25,unknown,FAIL_NO_FACE,
2026-07-30 05:33:26,unknown,FAIL_NO_FACE,
2026-07-30 05:33:28,unknown,FAIL_NO_FACE,
2026-07-30 05:33:29,unknown,FAIL_NO_FACE,
2026-07-30 05:33:30,unknown,FAIL_NO_FACE,
2026-07-30 05:33:31,unknown,FAIL_NO_FACE,
2026-07-30 05:33:32,unknown,FAIL_NO_FACE,
2026-07-30 05:33:33,unknown,FAIL_NO_FACE,
2026-07-30 05:33:34,unknown,FAIL_NO_FACE,
2026-07-30 05:33:35,unknown,FAIL_NO_FACE,
2026-07-30 05:33:36,unknown,FAIL_NO_FACE,
2026-07-30 05:33:37,unknown,FAIL_NO_FACE,
2026-07-30 05:33:38,unknown,FAIL_NO_FACE,
2026-07-30 05:33:39,unknown,FAIL_NO_FACE,
2026-07-30 05:33:40,unknown,FAIL_NO_FACE,
2026-07-30 05:33:41,unknown,FAIL_NO_FACE,
2026-07-30 05:33:42,unknown,FAIL_NO_FACE,
2026-07-30 05:33:43,unknown,FAIL_NO_FACE,
2026-07-30 05:33:44,unknown,FAIL_NO_FACE,
2026-07-30 05:33:45,unknown,FAIL_NO_FACE,
2026-07-30 05:33:46,unknown,FAIL_NO_FACE,
2026-07-30 05:33:47,unknown,FAIL_NO_FACE,
2026-07-30 05:33:48,unknown,FAIL_NO_FACE,
2026-07-30 05:33:49,unknown,FAIL_NO_FACE,
2026-07-30 05:33:50,unknown,FAIL_NO_FACE,
2026-07-30 05:33:51,unknown,FAIL_NO_FACE,
2026-07-30 05:33:52,unknown,FAIL_NO_FACE,
2026-07-30 05:33:53,unknown,FAIL_NO_FACE,
2026-07-30 05:33:55,Joyti,SUCCESS,0.3880
2026-07-30 05:33:56,Joyti,SUCCESS,0.4172
2026-07-30 05:33:56,unknown,FAIL_NO_FACE,
2026-07-30 05:34:00,Joyti,SUCCESS,0.4236
2026-07-30 05:34:01,unknown,FAIL_NO_FACE,
2026-07-30 05:34:03,Joyti,SUCCESS,0.4346
2026-07-30 05:34:03,Joyti,SUCCESS,0.4827
2026-07-30 05:34:04,Joyti,SUCCESS,0.4568
2026-07-30 05:34:05,Joyti,SUCCESS,0.4518
2026-07-30 05:34:06,unknown,FAIL_NO_FACE,
2026-07-30 05:34:07,unknown,FAIL_NO_FACE,
2026-07-30 05:34:08,unknown,FAIL_NO_FACE,
2026-07-30 05:34:09,unknown,FAIL_NO_FACE,
2026-07-30 05:34:10,unknown,FAIL_NO_FACE,
2026-07-30 05:34:11,unknown,FAIL_NO_FACE,
2026-07-30 05:34:12,unknown,FAIL_NO_FACE,
2026-07-30 05:34:13,unknown,FAIL_NO_FACE,
2026-07-30 05:34:14,unknown,FAIL_NO_FACE,
2026-07-30 05:34:15,unknown,FAIL_NO_FACE,
2026-07-30 05:34:16,unknown,FAIL_NO_FACE,
2026-07-30 05:34:17,unknown,FAIL_NO_FACE,
2026-07-30 05:34:18,unknown,FAIL_NO_FACE,
2026-07-30 05:34:19,unknown,FAIL_NO_FACE,
2026-07-30 05:34:20,unknown,FAIL_NO_FACE,
2026-07-30 05:34:21,unknown,FAIL_NO_FACE,
2026-07-30 05:34:22,unknown,FAIL_NO_FACE,
2026-07-30 05:34:23,unknown,FAIL_NO_FACE,
2026-07-30 05:34:24,unknown,FAIL_NO_FACE,
2026-07-30 05:34:25,unknown,FAIL_NO_FACE,
2026-07-30 05:34:26,unknown,FAIL_NO_FACE,
2026-07-30 05:34:27,unknown,FAIL_NO_FACE,
2026-07-30 05:34:29,unknown,FAIL_NO_FACE,
2026-07-30 05:34:30,unknown,FAIL_NO_FACE,
2026-07-30 05:34:31,unknown,FAIL_NO_FACE,
2026-07-30 05:34:32,unknown,FAIL_NO_FACE,
2026-07-30 05:34:33,unknown,FAIL_NO_FACE,
2026-07-30 05:34:34,unknown,FAIL_NO_FACE,
2026-07-30 05:34:35,unknown,FAIL_NO_FACE,
2026-07-30 05:34:36,unknown,FAIL_NO_FACE,
2026-07-30 05:34:38,unknown,FAIL_NO_FACE,
2026-07-30 05:34:39,unknown,FAIL_NO_FACE,
2026-07-30 05:34:39,unknown,FAIL_NO_FACE,
2026-07-30 05:34:41,unknown,FAIL_NO_FACE,
2026-07-30 05:34:41,unknown,FAIL_NO_FACE,
2026-07-30 05:35:44,unknown,FAIL_NO_FACE,
2026-07-30 05:35:46,unknown,FAIL_NO_FACE,
2026-07-30 05:35:49,unknown,FAIL_NO_FACE,
2026-07-30 05:35:50,unknown,FAIL_NO_FACE,
2026-07-30 05:35:51,unknown,FAIL_NO_FACE,
2026-07-30 05:35:52,unknown,FAIL_NO_FACE,
2026-07-30 05:35:53,unknown,FAIL_NO_FACE,
2026-07-30 05:35:54,unknown,FAIL_NO_FACE,
2026-07-30 05:35:55,unknown,FAIL_NO_FACE,
2026-07-30 05:35:57,unknown,FAIL_NO_FACE,
2026-07-30 05:35:58,unknown,FAIL_NO_FACE,
2026-07-30 05:35:59,unknown,FAIL_NO_FACE,
2026-07-30 05:36:00,unknown,FAIL_NO_FACE,
2026-07-30 05:36:01,unknown,FAIL_NO_FACE,
2026-07-30 05:36:02,unknown,FAIL_NO_FACE,
2026-07-30 05:36:03,unknown,FAIL_NO_FACE,
2026-07-30 05:36:04,unknown,FAIL_NO_FACE,
2026-07-30 05:36:05,unknown,FAIL_NO_FACE,
2026-07-30 05:36:06,unknown,FAIL_NO_FACE,
2026-07-30 05:36:07,unknown,FAIL_NO_FACE,
2026-07-30 05:36:08,unknown,FAIL_NO_FACE,
2026-07-30 05:36:09,unknown,FAIL_NO_FACE,
2026-07-30 05:36:10,unknown,FAIL_NO_FACE,
2026-07-30 05:36:11,unknown,FAIL_NO_FACE,
2026-07-30 05:36:12,unknown,FAIL_NO_FACE,
2026-07-30 05:36:13,unknown,FAIL_NO_FACE,
2026-07-30 05:36:14,unknown,FAIL_NO_FACE,
2026-07-30 05:36:15,unknown,FAIL_NO_FACE,
2026-07-30 05:36:16,unknown,FAIL_NO_FACE,
2026-07-30 05:36:17,unknown,FAIL_NO_FACE,
2026-07-30 05:36:18,unknown,FAIL_NO_FACE,
2026-07-30 05:36:19,unknown,FAIL_NO_FACE,
2026-07-30 05:36:20,unknown,FAIL_NO_FACE,
2026-07-30 05:36:21,unknown,FAIL_NO_FACE,
2026-07-30 05:36:22,unknown,FAIL_NO_FACE,
2026-07-30 05:36:23,unknown,FAIL_NO_FACE,
2026-07-30 05:36:24,unknown,FAIL_NO_FACE,
2026-07-30 05:36:25,unknown,FAIL_NO_FACE,
2026-07-30 05:36:26,unknown,FAIL_NO_FACE,
2026-07-30 05:36:27,unknown,FAIL_NO_FACE,
2026-07-30 05:36:28,unknown,FAIL_NO_FACE,
2026-07-30 05:36:29,unknown,FAIL_NO_FACE,
2026-07-30 05:36:30,unknown,FAIL_NO_FACE,
2026-07-30 05:36:31,unknown,FAIL_NO_FACE,
2026-07-30 05:36:32,unknown,FAIL_NO_FACE,
2026-07-30 05:36:33,unknown,FAIL_NO_FACE,
2026-07-30 05:36:35,unknown,FAIL_NO_FACE,
2026-07-30 05:36:36,unknown,FAIL_NO_FACE,
2026-07-30 05:36:36,unknown,FAIL_NO_FACE,
2026-07-30 05:36:38,unknown,FAIL_NO_FACE,
2026-07-30 05:36:39,unknown,FAIL_NO_FACE,
2026-07-30 05:36:40,unknown,FAIL_NO_FACE,
2026-07-30 05:36:41,unknown,FAIL_NO_FACE,
2026-07-30 05:36:42,unknown,FAIL_NO_FACE,
2026-07-30 05:36:43,unknown,FAIL_NO_FACE,
2026-07-30 05:36:44,unknown,FAIL_NO_FACE,
2026-07-30 05:36:45,unknown,FAIL_NO_FACE,
2026-07-30 05:36:46,unknown,FAIL_NO_FACE,
2026-07-30 05:36:47,unknown,FAIL_NO_FACE,
2026-07-30 05:36:48,unknown,FAIL_NO_FACE,
2026-07-30 05:36:49,unknown,FAIL_NO_FACE,
2026-07-30 05:36:50,unknown,FAIL_NO_FACE,
2026-07-30 05:36:51,unknown,FAIL_NO_FACE,
2026-07-30 05:36:52,unknown,FAIL_NO_FACE,
2026-07-30 05:36:53,unknown,FAIL_NO_FACE,
2026-07-30 05:36:54,unknown,FAIL_NO_FACE,
2026-07-30 05:36:55,unknown,FAIL_NO_FACE,
2026-07-30 05:36:56,unknown,FAIL_NO_FACE,
2026-07-30 05:36:57,unknown,FAIL_NO_FACE,
2026-07-30 05:36:58,unknown,FAIL_NO_FACE,
2026-07-30 05:36:59,unknown,FAIL_NO_FACE,
2026-07-30 05:37:00,unknown,FAIL_NO_FACE,
2026-07-30 05:37:01,unknown,FAIL_NO_FACE,
2026-07-30 05:37:02,unknown,FAIL_NO_FACE,
2026-07-30 05:37:03,unknown,FAIL_NO_FACE,
2026-07-30 05:37:04,unknown,FAIL_NO_FACE,
2026-07-30 05:37:05,unknown,FAIL_NO_FACE,
2026-07-30 05:37:06,unknown,FAIL_NO_FACE,
2026-07-30 05:37:07,unknown,FAIL_NO_FACE,
2026-07-30 05:37:08,unknown,FAIL_NO_FACE,
2026-07-30 05:37:09,unknown,FAIL_NO_FACE,
2026-07-30 05:37:10,unknown,FAIL_NO_FACE,
2026-07-30 05:37:11,unknown,FAIL_NO_FACE,
2026-07-30 05:37:12,unknown,FAIL_NO_FACE,
2026-07-30 05:37:13,unknown,FAIL_NO_FACE,
2026-07-30 05:37:14,unknown,FAIL_NO_FACE,
2026-07-30 05:37:15,unknown,FAIL_NO_FACE,
2026-07-30 05:37:17,unknown,FAIL_NO_FACE,
2026-07-30 05:37:17,unknown,FAIL_NO_FACE,
2026-07-30 05:37:19,unknown,FAIL_NO_FACE,
2026-07-30 05:37:20,unknown,FAIL_NO_FACE,
2026-07-30 05:37:21,unknown,FAIL_NO_FACE,
2026-07-30 05:37:22,unknown,FAIL_NO_FACE,
2026-07-30 05:37:23,unknown,FAIL_NO_FACE,
2026-07-30 05:37:24,unknown,FAIL_NO_FACE,
2026-07-30 05:37:25,unknown,FAIL_NO_FACE,
2026-07-30 05:37:26,unknown,FAIL_NO_FACE,
2026-07-30 05:37:27,unknown,FAIL_NO_FACE,
2026-07-30 05:38:28,unknown,FAIL_NO_FACE,
2026-07-30 05:38:29,unknown,FAIL_NO_FACE,
2026-07-30 05:38:30,unknown,FAIL_NO_FACE,
2026-07-30 05:38:31,unknown,FAIL_NO_FACE,
2026-07-30 05:38:32,unknown,FAIL_NO_FACE,
2026-07-30 05:38:33,unknown,FAIL_NO_FACE,
2026-07-30 05:38:34,unknown,FAIL_NO_FACE,
2026-07-30 05:38:35,unknown,FAIL_NO_FACE,
2026-07-30 05:38:36,unknown,FAIL_NO_FACE,
2026-07-30 05:38:37,unknown,FAIL_NO_FACE,
2026-07-30 05:38:38,unknown,FAIL_NO_FACE,
2026-07-30 05:38:39,unknown,FAIL_NO_FACE,
2026-07-30 05:38:40,unknown,FAIL_NO_FACE,
2026-07-30 05:38:42,unknown,FAIL_NO_FACE,
2026-07-30 05:38:42,unknown,FAIL_NO_FACE,
2026-07-30 05:38:43,unknown,FAIL_NO_FACE,
2026-07-30 05:38:44,unknown,FAIL_NO_FACE,
2026-07-30 05:38:45,unknown,FAIL_NO_FACE,
2026-07-30 05:38:46,unknown,FAIL_NO_FACE,
2026-07-30 05:38:47,unknown,FAIL_NO_FACE,
2026-07-30 05:38:48,unknown,FAIL_NO_FACE,
2026-07-30 05:38:49,unknown,FAIL_NO_FACE,
2026-07-30 05:38:50,unknown,FAIL_NO_FACE,
2026-07-30 05:38:51,unknown,FAIL_NO_FACE,
2026-07-30 05:38:52,unknown,FAIL_NO_FACE,
2026-07-30 05:38:54,unknown,FAIL_NO_FACE,
2026-07-30 05:38:55,unknown,FAIL_NO_FACE,
2026-07-30 05:38:56,unknown,FAIL_NO_FACE,
2026-07-30 05:38:57,unknown,FAIL_NO_FACE,
2026-07-30 05:38:58,unknown,FAIL_NO_FACE,
2026-07-30 05:38:59,unknown,FAIL_NO_FACE,
2026-07-30 05:39:00,unknown,FAIL_NO_FACE,
2026-07-30 05:39:01,unknown,FAIL_NO_FACE,
2026-07-30 05:39:02,unknown,FAIL_NO_FACE,
2026-07-30 05:39:03,unknown,FAIL_NO_FACE,
2026-07-30 05:39:04,unknown,FAIL_NO_FACE,
2026-07-30 05:39:05,unknown,FAIL_NO_FACE,
2026-07-30 05:39:06,unknown,FAIL_NO_FACE,
2026-07-30 05:39:07,unknown,FAIL_NO_FACE,
2026-07-30 05:39:08,unknown,FAIL_NO_FACE,
2026-07-30 05:39:11,unknown,FAIL_NO_FACE,
2026-07-30 05:39:12,unknown,FAIL_NO_FACE,
2026-07-30 05:39:13,unknown,FAIL_NO_FACE,
2026-07-30 05:39:14,unknown,FAIL_NO_FACE,
2026-07-30 05:39:15,unknown,FAIL_NO_FACE,
2026-07-30 05:39:16,unknown,FAIL_NO_FACE,
2026-07-30 05:39:17,unknown,FAIL_NO_FACE,
2026-07-30 05:39:18,unknown,FAIL_NO_FACE,
2026-07-30 05:39:19,unknown,FAIL_NO_FACE,
2026-07-30 05:39:20,unknown,FAIL_NO_FACE,
2026-07-30 05:39:21,unknown,FAIL_NO_FACE,
2026-07-30 05:39:22,unknown,FAIL_NO_FACE,
2026-07-30 05:39:23,unknown,FAIL_NO_FACE,
2026-07-30 05:39:24,unknown,FAIL_NO_FACE,
2026-07-30 05:39:26,unknown,FAIL_NO_FACE,
2026-07-30 05:39:29,unknown,FAIL_NO_FACE,
2026-07-30 05:39:30,unknown,FAIL_NO_FACE,
2026-07-30 05:39:31,unknown,FAIL_NO_FACE,
2026-07-30 05:39:32,unknown,FAIL_NO_FACE,
2026-07-30 05:39:33,unknown,FAIL_NO_FACE,
2026-07-30 05:39:34,unknown,FAIL_NO_FACE,
2026-07-30 05:39:35,unknown,FAIL_NO_FACE,
2026-07-30 05:39:36,unknown,FAIL_NO_FACE,
2026-07-30 05:39:37,unknown,FAIL_NO_FACE,
2026-07-30 05:39:38,unknown,FAIL_NO_FACE,
2026-07-30 05:39:39,unknown,FAIL_NO_FACE,
2026-07-30 05:39:40,unknown,FAIL_NO_FACE,
2026-07-30 05:39:41,unknown,FAIL_NO_FACE,
2026-07-30 05:39:42,unknown,FAIL_NO_FACE,
2026-07-30 05:39:43,unknown,FAIL_NO_FACE,
2026-07-30 05:39:44,unknown,FAIL_NO_FACE,
2026-07-30 05:39:45,unknown,FAIL_NO_FACE,
2026-07-30 05:39:46,unknown,FAIL_NO_FACE,
2026-07-30 05:39:47,unknown,FAIL_NO_FACE,
2026-07-30 05:39:48,unknown,FAIL_NO_FACE,
2026-07-30 05:39:49,unknown,FAIL_NO_FACE,
2026-07-30 05:39:50,unknown,FAIL_NO_FACE,
2026-07-30 05:39:51,unknown,FAIL_NO_FACE,
2026-07-30 05:39:52,unknown,FAIL_NO_FACE,
2026-07-30 05:39:53,unknown,FAIL_NO_FACE,
2026-07-30 05:39:54,unknown,FAIL_NO_FACE,
2026-07-30 05:39:55,unknown,FAIL_NO_FACE,
2026-07-30 05:39:56,unknown,FAIL_NO_FACE,
2026-07-30 05:39:57,unknown,FAIL_NO_FACE,
2026-07-30 05:39:58,unknown,FAIL_NO_FACE,
2026-07-30 05:39:59,unknown,FAIL_NO_FACE,
2026-07-30 05:40:00,unknown,FAIL_NO_FACE,
2026-07-30 05:40:01,unknown,FAIL_NO_FACE,
2026-07-30 05:40:02,unknown,FAIL_NO_FACE,
2026-07-30 05:40:03,unknown,FAIL_NO_FACE,
2026-07-30 05:40:04,unknown,FAIL_NO_FACE,
2026-07-30 05:40:06,unknown,FAIL_NO_FACE,
2026-07-30 05:40:09,unknown,FAIL_NO_FACE,
2026-07-30 05:40:10,unknown,FAIL_NO_FACE,
2026-07-30 05:40:11,unknown,FAIL_NO_FACE,
2026-07-30 05:40:12,unknown,FAIL_NO_FACE,
2026-07-30 05:40:13,unknown,FAIL_NO_FACE,
2026-07-30 05:40:14,unknown,FAIL_NO_FACE,
2026-07-30 05:40:15,unknown,FAIL_NO_FACE,
2026-07-30 05:40:16,unknown,FAIL_NO_FACE,
2026-07-30 05:40:17,unknown,FAIL_NO_FACE,
2026-07-30 05:40:19,unknown,FAIL_NO_FACE,
2026-07-30 05:40:20,unknown,FAIL_NO_FACE,
2026-07-30 05:40:21,unknown,FAIL_NO_FACE,
2026-07-30 05:40:22,unknown,FAIL_NO_FACE,
2026-07-30 05:40:23,unknown,FAIL_NO_FACE,
2026-07-30 05:40:24,unknown,FAIL_NO_FACE,
2026-07-30 05:40:25,unknown,FAIL_NO_FACE,
2026-07-30 05:40:26,unknown,FAIL_NO_FACE,
2026-07-30 05:40:27,unknown,FAIL_NO_FACE,
2026-07-30 05:40:28,unknown,FAIL_NO_FACE,
2026-07-30 05:40:29,unknown,FAIL_NO_FACE,
2026-07-30 05:40:30,unknown,FAIL_NO_FACE,
2026-07-30 05:40:31,unknown,FAIL_NO_FACE,
2026-07-30 05:40:32,unknown,FAIL_NO_FACE,
2026-07-30 05:40:33,unknown,FAIL_NO_FACE,
2026-07-30 05:40:34,unknown,FAIL_NO_FACE,
2026-07-30 05:40:35,unknown,FAIL_NO_FACE,
2026-07-30 05:40:36,unknown,FAIL_NO_FACE,
2026-07-30 05:40:37,unknown,FAIL_NO_FACE,
2026-07-30 05:40:38,unknown,FAIL_NO_FACE,
2026-07-30 05:40:39,unknown,FAIL_NO_FACE,
2026-07-30 05:40:40,unknown,FAIL_NO_FACE,
2026-07-30 05:40:41,unknown,FAIL_NO_FACE,
2026-07-30 05:40:42,unknown,FAIL_NO_FACE,
2026-07-30 05:40:43,unknown,FAIL_NO_FACE,
2026-07-30 05:40:44,unknown,FAIL_NO_FACE,
2026-07-30 05:40:45,unknown,FAIL_NO_FACE,
2026-07-30 05:40:46,unknown,FAIL_NO_FACE,
2026-07-30 05:40:47,unknown,FAIL_NO_FACE,
2026-07-30 05:40:48,unknown,FAIL_NO_FACE,
2026-07-30 05:40:49,unknown,FAIL_NO_FACE,
2026-07-30 05:40:50,unknown,FAIL_NO_FACE,
2026-07-30 05:40:51,unknown,FAIL_NO_FACE,
2026-07-30 05:40:52,unknown,FAIL_NO_FACE,
2026-07-30 05:40:53,unknown,FAIL_NO_FACE,
2026-07-30 05:40:54,unknown,FAIL_NO_FACE,
2026-07-30 05:40:55,unknown,FAIL_NO_FACE,
2026-07-30 05:40:56,unknown,FAIL_NO_FACE,
2026-07-30 05:40:57,unknown,FAIL_NO_FACE,
2026-07-30 05:40:58,unknown,FAIL_NO_FACE,
2026-07-30 05:40:59,unknown,FAIL_NO_FACE,
2026-07-30 05:41:00,unknown,FAIL_NO_FACE,
2026-07-30 05:41:01,unknown,FAIL_NO_FACE,
2026-07-30 05:41:02,unknown,FAIL_NO_FACE,
2026-07-30 05:41:03,unknown,FAIL_NO_FACE,
2026-07-30 05:47:37,unknown,FAIL_NO_FACE,
2026-07-30 05:47:38,unknown,FAIL_NO_FACE,
2026-07-30 05:47:39,unknown,FAIL_NO_FACE,
2026-07-30 05:47:40,unknown,FAIL_NO_FACE,
2026-07-30 05:47:41,unknown,FAIL_NO_FACE,
2026-07-30 05:47:42,unknown,FAIL_NO_FACE,
2026-07-30 05:47:43,unknown,FAIL_NO_FACE,
2026-07-30 05:47:44,unknown,FAIL_NO_FACE,
2026-07-30 05:47:45,unknown,FAIL_NO_FACE,
2026-07-30 05:47:46,unknown,FAIL_NO_FACE,
2026-07-30 05:47:47,unknown,FAIL_NO_FACE,
2026-07-30 05:47:48,unknown,FAIL_NO_FACE,
2026-07-30 05:47:49,unknown,FAIL_NO_FACE,
2026-07-30 05:47:50,unknown,FAIL_NO_FACE,
2026-07-30 05:47:51,unknown,FAIL_NO_FACE,
2026-07-30 05:47:52,unknown,FAIL_NO_FACE,
2026-07-30 05:47:53,unknown,FAIL_NO_FACE,
2026-07-30 05:47:54,unknown,FAIL_NO_FACE,
2026-07-30 05:47:55,unknown,FAIL_NO_FACE,
2026-07-30 05:47:56,unknown,FAIL_NO_FACE,
2026-07-30 05:47:57,unknown,FAIL_NO_FACE,
2026-07-30 05:47:58,unknown,FAIL_NO_FACE,
2026-07-30 05:47:59,unknown,FAIL_NO_FACE,
2026-07-30 05:48:00,unknown,FAIL_NO_FACE,
2026-07-30 05:48:01,unknown,FAIL_NO_FACE,
2026-07-30 05:48:02,unknown,FAIL_NO_FACE,
2026-07-30 05:48:03,unknown,FAIL_NO_FACE,
2026-07-30 05:48:04,unknown,FAIL_NO_FACE,
2026-07-30 05:48:05,unknown,FAIL_NO_FACE,
2026-07-30 05:48:06,unknown,FAIL_NO_FACE,
2026-07-30 05:48:07,unknown,FAIL_NO_FACE,
2026-07-30 05:48:08,unknown,FAIL_NO_FACE,
2026-07-30 05:48:09,unknown,FAIL_NO_FACE,
2026-07-30 05:48:10,unknown,FAIL_NO_FACE,
2026-07-30 05:48:11,unknown,FAIL_NO_FACE,
2026-07-30 05:48:12,unknown,FAIL_NO_FACE,
2026-07-30 05:48:13,unknown,FAIL_NO_FACE,
2026-07-30 05:48:14,unknown,FAIL_NO_FACE,
2026-07-30 05:48:15,unknown,FAIL_NO_FACE,
2026-07-30 05:48:16,unknown,FAIL_NO_FACE,
2026-07-30 05:48:17,unknown,FAIL_NO_FACE,
2026-07-30 05:48:18,unknown,FAIL_NO_FACE,
2026-07-30 05:48:19,unknown,FAIL_NO_FACE,
2026-07-30 05:48:20,unknown,FAIL_NO_FACE,
2026-07-30 05:48:21,unknown,FAIL_NO_FACE,
2026-07-30 05:48:22,unknown,FAIL_NO_FACE,
2026-07-30 05:48:23,unknown,FAIL_NO_FACE,
2026-07-30 05:48:24,unknown,FAIL_NO_FACE,
2026-07-30 05:48:25,unknown,FAIL_NO_FACE,
2026-07-30 05:48:26,unknown,FAIL_NO_FACE,
2026-07-30 05:48:27,unknown,FAIL_NO_FACE,
2026-07-30 05:48:28,unknown,FAIL_NO_FACE,
2026-07-30 05:48:29,unknown,FAIL_NO_FACE,
2026-07-30 05:48:30,unknown,FAIL_NO_FACE,
2026-07-30 05:48:31,unknown,FAIL_NO_FACE,
2026-07-30 05:48:32,unknown,FAIL_NO_FACE,
2026-07-30 05:48:33,unknown,FAIL_NO_FACE,
2026-07-30 05:48:34,unknown,FAIL_NO_FACE,
2026-07-30 05:48:35,unknown,FAIL_NO_FACE,
2026-07-30 05:48:36,unknown,FAIL_NO_FACE,
2026-07-30 05:48:37,unknown,FAIL_NO_FACE,
2026-07-30 05:48:39,unknown,FAIL_NO_FACE,
2026-07-30 05:48:40,unknown,FAIL_NO_FACE,
2026-07-30 05:48:41,unknown,FAIL_NO_FACE,
2026-07-30 05:48:42,unknown,FAIL_NO_FACE,
2026-07-30 05:48:43,unknown,FAIL_NO_FACE,
2026-07-30 05:48:44,unknown,FAIL_NO_FACE,
2026-07-30 05:48:45,unknown,FAIL_NO_FACE,
2026-07-30 05:48:47,unknown,FAIL_NO_FACE,
2026-07-30 05:48:48,unknown,FAIL_NO_FACE,
2026-07-30 05:48:49,unknown,FAIL_NO_FACE,
2026-07-30 05:48:50,unknown,FAIL_NO_FACE,
2026-07-30 05:48:51,unknown,FAIL_NO_FACE,
2026-07-30 05:48:52,unknown,FAIL_NO_FACE,
2026-07-30 05:48:53,unknown,FAIL_NO_FACE,
2026-07-30 05:48:54,unknown,FAIL_NO_FACE,
2026-07-30 05:48:55,unknown,FAIL_NO_FACE,
2026-07-30 05:48:56,unknown,FAIL_NO_FACE,
2026-07-30 05:48:57,unknown,FAIL_NO_FACE,
2026-07-30 05:48:58,unknown,FAIL_NO_FACE,
2026-07-30 05:48:59,unknown,FAIL_NO_FACE,
2026-07-30 05:49:00,unknown,FAIL_NO_FACE,
2026-07-30 05:49:01,unknown,FAIL_NO_FACE,
2026-07-30 05:49:02,unknown,FAIL_NO_FACE,
2026-07-30 05:49:03,unknown,FAIL_NO_FACE,
2026-07-30 05:49:04,unknown,FAIL_NO_FACE,
2026-07-30 05:49:05,unknown,FAIL_NO_FACE,
2026-07-30 05:49:06,unknown,FAIL_NO_FACE,
2026-07-30 05:49:07,unknown,FAIL_NO_FACE,
2026-07-30 05:49:08,unknown,FAIL_NO_FACE,
2026-07-30 05:49:09,unknown,FAIL_NO_FACE,
2026-07-30 05:49:10,unknown,FAIL_NO_FACE,
2026-07-30 05:49:11,unknown,FAIL_NO_FACE,
2026-07-30 05:49:12,unknown,FAIL_NO_FACE,
2026-07-30 05:49:13,unknown,FAIL_NO_FACE,
2026-07-30 05:49:15,unknown,FAIL_NO_FACE,
2026-07-30 05:49:16,unknown,FAIL_NO_FACE,
2026-07-30 05:49:17,unknown,FAIL_NO_FACE,
2026-07-30 05:49:18,unknown,FAIL_NO_FACE,
2026-07-30 05:49:19,unknown,FAIL_NO_FACE,
2026-07-30 05:49:20,unknown,FAIL_NO_FACE,
2026-07-30 05:49:21,unknown,FAIL_NO_FACE,
2026-07-30 05:49:22,unknown,FAIL_NO_FACE,
2026-07-30 05:49:23,unknown,FAIL_NO_FACE,
2026-07-30 05:49:24,unknown,FAIL_NO_FACE,
2026-07-30 05:49:25,unknown,FAIL_NO_FACE,
2026-07-30 05:49:26,unknown,FAIL_NO_FACE,
2026-07-30 05:49:28,unknown,FAIL_NO_FACE,
2026-07-30 05:49:28,unknown,FAIL_NO_FACE,
2026-07-30 05:49:30,unknown,FAIL_NO_FACE,
2026-07-30 05:49:31,unknown,FAIL_NO_FACE,
2026-07-30 05:49:32,unknown,FAIL_NO_FACE,
2026-07-30 05:49:33,unknown,FAIL_NO_FACE,
2026-07-30 05:49:34,unknown,FAIL_NO_FACE,
2026-07-30 05:49:34,unknown,FAIL_NO_FACE,
2026-07-30 05:49:36,unknown,FAIL_NO_FACE,
2026-07-30 05:49:37,unknown,FAIL_NO_FACE,
2026-07-30 05:49:38,unknown,FAIL_NO_FACE,
2026-07-30 05:49:39,unknown,FAIL_NO_FACE,
2026-07-30 05:49:40,unknown,FAIL_NO_FACE,
2026-07-30 05:49:41,unknown,FAIL_NO_FACE,
2026-07-30 05:49:42,unknown,FAIL_NO_FACE,
2026-07-30 05:49:43,unknown,FAIL_NO_FACE,
2026-07-30 05:49:44,unknown,FAIL_NO_FACE,
2026-07-30 05:49:45,unknown,FAIL_NO_FACE,
2026-07-30 05:49:46,unknown,FAIL_NO_FACE,
2026-07-30 05:49:47,unknown,FAIL_NO_FACE,
2026-07-30 05:49:48,unknown,FAIL_NO_FACE,
2026-07-30 05:49:49,unknown,FAIL_NO_FACE,
2026-07-30 05:49:50,unknown,FAIL_NO_FACE,
2026-07-30 05:49:51,unknown,FAIL_NO_FACE,
2026-07-30 05:49:52,unknown,FAIL_NO_FACE,
2026-07-30 05:49:53,unknown,FAIL_NO_FACE,
2026-07-30 05:49:54,unknown,FAIL_NO_FACE,
2026-07-30 05:49:55,unknown,FAIL_NO_FACE,
2026-07-30 05:49:56,unknown,FAIL_NO_FACE,
2026-07-30 05:49:57,unknown,FAIL_NO_FACE,
2026-07-30 05:49:58,unknown,FAIL_NO_FACE,
2026-07-30 05:49:59,unknown,FAIL_NO_FACE,
2026-07-30 05:50:00,unknown,FAIL_NO_FACE,
2026-07-30 05:50:01,unknown,FAIL_NO_FACE,
2026-07-30 05:50:02,unknown,FAIL_NO_FACE,
2026-07-30 05:50:03,unknown,FAIL_NO_FACE,
2026-07-30 05:50:04,unknown,FAIL_NO_FACE,
2026-07-30 05:50:05,unknown,FAIL_NO_FACE,
2026-07-30 05:50:06,unknown,FAIL_NO_FACE,
2026-07-30 05:50:07,unknown,FAIL_NO_FACE,
2026-07-30 05:50:08,unknown,FAIL_NO_FACE,
2026-07-30 05:50:09,unknown,FAIL_NO_FACE,
2026-07-30 05:50:10,unknown,FAIL_NO_FACE,
2026-07-30 05:50:11,unknown,FAIL_NO_FACE,
2026-07-30 05:50:12,unknown,FAIL_NO_FACE,
2026-07-30 05:50:13,unknown,FAIL_NO_FACE,
2026-07-30 05:50:14,unknown,FAIL_NO_FACE,
2026-07-30 05:50:15,unknown,FAIL_NO_FACE,
2026-07-30 05:50:16,unknown,FAIL_NO_FACE,
2026-07-30 05:50:17,unknown,FAIL_NO_FACE,
2026-07-30 05:50:19,unknown,FAIL_NO_FACE,
2026-07-30 05:50:19,unknown,FAIL_NO_FACE,
2026-07-30 05:50:21,unknown,FAIL_NO_FACE,
2026-07-30 05:50:21,unknown,FAIL_NO_FACE,
2026-07-30 05:50:23,unknown,FAIL_NO_FACE,
2026-07-30 05:50:24,unknown,FAIL_NO_FACE,
2026-07-30 05:50:25,unknown,FAIL_NO_FACE,
2026-07-30 05:50:26,unknown,FAIL_NO_FACE,
2026-07-30 05:50:27,unknown,FAIL_NO_FACE,
2026-07-30 05:50:28,unknown,FAIL_NO_FACE,
2026-07-30 05:50:29,unknown,FAIL_NO_FACE,
2026-07-30 05:50:30,unknown,FAIL_NO_FACE,
2026-07-30 05:50:31,unknown,FAIL_NO_FACE,
2026-07-30 05:50:32,unknown,FAIL_NO_FACE,
2026-07-30 05:50:33,unknown,FAIL_NO_FACE,
2026-07-30 05:50:34,unknown,FAIL_NO_FACE,
2026-07-30 05:50:35,unknown,FAIL_NO_FACE,
2026-07-30 05:50:36,unknown,FAIL_NO_FACE,
2026-07-30 05:50:37,unknown,FAIL_NO_FACE,
2026-07-30 05:50:38,unknown,FAIL_NO_FACE,
2026-07-30 05:50:39,unknown,FAIL_NO_FACE,
2026-07-30 05:50:40,unknown,FAIL_NO_FACE,
2026-07-30 05:50:41,unknown,FAIL_NO_FACE,
2026-07-30 05:50:42,unknown,FAIL_NO_FACE,
2026-07-30 05:50:43,unknown,FAIL_NO_FACE,
2026-07-30 05:50:44,unknown,FAIL_NO_FACE,
2026-07-30 05:50:46,unknown,FAIL_NO_FACE,
2026-07-30 05:50:46,unknown,FAIL_NO_FACE,
2026-07-30 05:50:47,unknown,FAIL_NO_FACE,
2026-07-30 05:50:48,unknown,FAIL_NO_FACE,
2026-07-30 05:50:49,unknown,FAIL_NO_FACE,
2026-07-30 05:50:50,unknown,FAIL_NO_MATCH,0.6031
2026-07-30 05:50:51,unknown,FAIL_NO_FACE,
2026-07-30 05:50:52,unknown,FAIL_NO_FACE,
2026-07-30 05:50:54,Joyti,SUCCESS,0.4827
2026-07-30 05:50:55,Joyti,SUCCESS,0.4857
2026-07-30 05:50:55,unknown,FAIL_NO_FACE,
2026-07-30 05:50:56,unknown,FAIL_NO_FACE,
2026-07-30 05:50:57,unknown,FAIL_NO_FACE,
2026-07-30 05:50:58,unknown,FAIL_NO_FACE,
2026-07-30 05:50:59,unknown,FAIL_NO_FACE,
2026-07-30 05:51:00,unknown,FAIL_NO_FACE,
2026-07-30 05:51:01,unknown,FAIL_NO_FACE,
2026-07-30 05:51:02,unknown,FAIL_NO_FACE,
2026-07-30 05:51:03,unknown,FAIL_NO_FACE,
2026-07-30 05:51:04,unknown,FAIL_NO_FACE,
2026-07-30 05:51:05,unknown,FAIL_NO_FACE,
2026-07-30 05:51:07,unknown,FAIL_NO_FACE,
2026-07-30 05:51:08,Joyti,SUCCESS,0.4938
2026-07-30 05:51:09,unknown,FAIL_NO_FACE,
2026-07-30 05:51:10,unknown,FAIL_NO_MATCH,0.5211
2026-07-30 05:51:11,unknown,FAIL_NO_FACE,
2026-07-30 05:51:12,unknown,FAIL_NO_FACE,
2026-07-30 05:51:13,unknown,FAIL_NO_MATCH,0.5435
2026-07-30 05:51:14,unknown,FAIL_NO_FACE,
2026-07-30 05:51:15,unknown,FAIL_NO_FACE,
2026-07-30 05:51:16,Joyti,SUCCESS,0.4915
2026-07-30 05:51:17,Joyti,SUCCESS,0.4472
2026-07-30 05:51:18,Joyti,SUCCESS,0.4700
2026-07-30 05:51:19,unknown,FAIL_NO_MATCH,0.5132
2026-07-30 05:51:20,unknown,FAIL_NO_FACE,
2026-07-30 05:51:21,Joyti,SUCCESS,0.4426
2026-07-30 05:51:22,Joyti,SUCCESS,0.4762
2026-07-30 05:51:23,unknown,FAIL_NO_MATCH,0.5247
2026-07-30 05:51:24,Joyti,SUCCESS,0.4655
2026-07-30 05:51:25,unknown,FAIL_NO_FACE,
2026-07-30 05:51:26,unknown,FAIL_NO_FACE,
2026-07-30 05:51:27,unknown,FAIL_NO_FACE,
2026-07-30 05:51:28,unknown,FAIL_NO_FACE,
2026-07-30 05:51:30,unknown,FAIL_NO_FACE,
2026-07-30 05:51:31,unknown,FAIL_NO_FACE,
2026-07-30 05:51:32,unknown,FAIL_NO_FACE,
2026-07-30 05:51:33,unknown,FAIL_NO_FACE,
2026-07-30 05:51:34,unknown,FAIL_NO_FACE,
2026-07-30 05:51:35,unknown,FAIL_NO_FACE,
2026-07-30 05:51:36,unknown,FAIL_NO_FACE,
2026-07-30 05:51:37,unknown,FAIL_NO_FACE,
2026-07-30 05:51:38,unknown,FAIL_NO_FACE,
2026-07-30 05:51:39,unknown,FAIL_NO_FACE,
2026-07-30 05:51:40,unknown,FAIL_NO_FACE,
2026-07-30 05:51:41,Joyti,SUCCESS,0.4905
2026-07-30 05:51:42,unknown,FAIL_NO_FACE,
2026-07-30 05:51:43,unknown,FAIL_NO_MATCH,0.5169
2026-07-30 05:51:44,Joyti,SUCCESS,0.4991
2026-07-30 05:51:45,unknown,FAIL_NO_FACE,
2026-07-30 05:51:46,unknown,FAIL_NO_FACE,
2026-07-30 05:51:47,unknown,FAIL_NO_FACE,
2026-07-30 05:51:48,unknown,FAIL_NO_FACE,
2026-07-30 05:51:49,unknown,FAIL_NO_FACE,
2026-07-30 05:51:50,unknown,FAIL_NO_FACE,
2026-07-30 05:51:51,unknown,FAIL_NO_FACE,
2026-07-30 05:51:52,unknown,FAIL_NO_FACE,
2026-07-30 05:51:54,unknown,FAIL_NO_FACE,
2026-07-30 05:51:54,unknown,FAIL_NO_FACE,
2026-07-30 05:51:56,unknown,FAIL_NO_FACE,
2026-07-30 05:51:57,unknown,FAIL_NO_FACE,
2026-07-30 05:51:58,unknown,FAIL_NO_FACE,
2026-07-30 05:51:59,unknown,FAIL_NO_FACE,
2026-07-30 05:52:00,unknown,FAIL_NO_FACE,
2026-07-30 05:52:01,unknown,FAIL_NO_FACE,
2026-07-30 05:52:02,unknown,FAIL_NO_FACE,
2026-07-30 05:52:03,unknown,FAIL_NO_FACE,
2026-07-30 05:52:04,unknown,FAIL_NO_FACE,
2026-07-30 05:52:05,unknown,FAIL_NO_FACE,
2026-07-30 05:52:06,unknown,FAIL_NO_FACE,
2026-07-30 05:52:07,unknown,FAIL_NO_FACE,
2026-07-30 05:52:09,Joyti,SUCCESS,0.4248
2026-07-30 05:52:10,unknown,FAIL_NO_FACE,
2026-07-30 05:52:12,Joyti,SUCCESS,0.4881
2026-07-30 05:52:12,Joyti,SUCCESS,0.4555
2026-07-30 05:52:13,Joyti,SUCCESS,0.4921
2026-07-30 05:52:14,Joyti,SUCCESS,0.4671
2026-07-30 05:52:15,unknown,FAIL_NO_FACE,
2026-07-30 05:52:16,unknown,FAIL_NO_FACE,
2026-07-30 05:52:17,unknown,FAIL_NO_FACE,
2026-07-30 05:52:18,Joyti,SUCCESS,0.4717
2026-07-30 05:52:19,Joyti,SUCCESS,0.4554
2026-07-30 05:52:20,Joyti,SUCCESS,0.4416
2026-07-30 05:52:21,Joyti,SUCCESS,0.4056
2026-07-30 05:52:23,unknown,FAIL_NO_MATCH,0.5042
2026-07-30 05:52:23,Joyti,SUCCESS,0.4756
2026-07-30 05:52:25,Joyti,SUCCESS,0.4518
2026-07-30 05:52:26,Joyti,SUCCESS,0.4352
2026-07-30 05:52:27,Joyti,SUCCESS,0.4824
2026-07-30 05:52:27,unknown,FAIL_NO_FACE,
2026-07-30 05:52:29,unknown,FAIL_NO_FACE,
2026-07-30 05:52:30,unknown,FAIL_NO_FACE,
2026-07-30 05:52:31,unknown,FAIL_NO_FACE,
2026-07-30 05:52:32,Joyti,SUCCESS,0.4658
2026-07-30 05:52:33,unknown,FAIL_NO_FACE,
2026-07-30 05:52:34,unknown,FAIL_NO_FACE,
2026-07-30 05:52:35,unknown,FAIL_NO_FACE,
2026-07-30 05:52:36,unknown,FAIL_NO_FACE,
2026-07-30 05:52:37,unknown,FAIL_NO_FACE,
2026-07-30 05:52:38,unknown,FAIL_NO_FACE,
2026-07-30 05:52:39,unknown,FAIL_NO_FACE,
2026-07-30 05:52:40,unknown,FAIL_NO_FACE,
2026-07-30 05:52:41,unknown,FAIL_NO_FACE,
2026-07-30 05:52:42,unknown,FAIL_NO_FACE,
2026-07-30 05:52:43,unknown,FAIL_NO_FACE,
2026-07-30 05:52:45,unknown,FAIL_NO_FACE,
2026-07-30 05:52:45,unknown,FAIL_NO_FACE,
2026-07-30 05:52:47,unknown,FAIL_NO_FACE,
2026-07-30 05:52:48,unknown,FAIL_NO_FACE,
2026-07-30 05:52:49,unknown,FAIL_NO_FACE,
2026-07-30 05:52:50,unknown,FAIL_NO_FACE,
2026-07-30 05:52:51,unknown,FAIL_NO_FACE,
2026-07-30 05:52:52,unknown,FAIL_NO_FACE,
2026-07-30 05:52:53,unknown,FAIL_NO_FACE,
2026-07-30 05:52:54,unknown,FAIL_NO_FACE,
2026-07-30 05:52:55,unknown,FAIL_NO_FACE,
2026-07-30 05:52:56,unknown,FAIL_NO_FACE,
2026-07-30 05:52:57,unknown,FAIL_NO_FACE,
2026-07-30 05:52:58,unknown,FAIL_NO_FACE,
2026-07-30 05:52:59,unknown,FAIL_NO_FACE,
2026-07-30 05:53:00,unknown,FAIL_NO_FACE,
2026-07-30 05:53:01,unknown,FAIL_NO_FACE,
2026-07-30 05:53:02,unknown,FAIL_NO_FACE,
2026-07-30 05:53:03,unknown,FAIL_NO_FACE,
2026-07-30 05:53:04,unknown,FAIL_NO_FACE,
2026-07-30 05:53:05,unknown,FAIL_NO_FACE,
2026-07-30 05:53:07,unknown,FAIL_NO_FACE,
2026-07-30 05:53:08,unknown,FAIL_NO_FACE,
2026-07-30 05:53:09,unknown,FAIL_NO_FACE,
2026-07-30 05:53:10,unknown,FAIL_NO_FACE,
2026-07-30 05:53:11,unknown,FAIL_NO_FACE,
2026-07-30 05:53:12,unknown,FAIL_NO_FACE,
2026-07-30 05:53:13,unknown,FAIL_NO_FACE,
2026-07-30 05:53:14,unknown,FAIL_NO_FACE,
2026-07-30 05:53:15,unknown,FAIL_NO_FACE,
2026-07-30 05:53:16,unknown,FAIL_NO_FACE,
2026-07-30 05:53:17,unknown,FAIL_NO_FACE,
2026-07-30 05:53:18,unknown,FAIL_NO_FACE,
2026-07-30 05:53:19,unknown,FAIL_NO_FACE,
2026-07-30 05:53:20,unknown,FAIL_NO_FACE,
2026-07-30 05:53:21,unknown,FAIL_NO_FACE,
2026-07-30 05:53:22,unknown,FAIL_NO_FACE,
2026-07-30 05:53:23,unknown,FAIL_NO_FACE,
2026-07-30 05:53:24,unknown,FAIL_NO_FACE,
2026-07-30 05:53:25,unknown,FAIL_NO_FACE,
2026-07-30 05:53:26,unknown,FAIL_NO_FACE,
2026-07-30 05:53:27,unknown,FAIL_NO_FACE,
2026-07-30 05:53:28,unknown,FAIL_NO_FACE,
2026-07-30 05:53:29,unknown,FAIL_NO_FACE,
2026-07-30 05:53:30,unknown,FAIL_NO_FACE,
2026-07-30 05:53:31,unknown,FAIL_NO_FACE,
2026-07-30 05:53:32,unknown,FAIL_NO_FACE,
2026-07-30 05:53:33,unknown,FAIL_NO_FACE,
2026-07-30 05:53:34,unknown,FAIL_NO_FACE,
2026-07-30 05:53:35,unknown,FAIL_NO_FACE,
2026-07-30 05:53:36,unknown,FAIL_NO_FACE,
2026-07-30 05:53:37,unknown,FAIL_NO_FACE,
2026-07-30 05:53:38,unknown,FAIL_NO_FACE,
2026-07-30 05:53:39,unknown,FAIL_NO_FACE,
2026-07-30 05:53:40,unknown,FAIL_NO_FACE,
2026-07-30 05:53:41,unknown,FAIL_NO_FACE,
2026-07-30 05:53:42,unknown,FAIL_NO_FACE,
2026-07-30 05:53:43,unknown,FAIL_NO_FACE,
2026-07-30 05:53:44,unknown,FAIL_NO_FACE,
2026-07-30 05:53:45,unknown,FAIL_NO_FACE,
2026-07-30 05:53:46,unknown,FAIL_NO_FACE,
2026-07-30 05:53:47,unknown,FAIL_NO_FACE,
2026-07-30 05:53:48,unknown,FAIL_NO_FACE,
2026-07-30 05:53:49,unknown,FAIL_NO_FACE,
2026-07-30 05:53:50,unknown,FAIL_NO_FACE,
2026-07-30 05:53:51,unknown,FAIL_NO_FACE,
2026-07-30 05:53:53,unknown,FAIL_NO_FACE,
2026-07-30 05:53:54,unknown,FAIL_NO_FACE,
2026-07-30 05:53:55,unknown,FAIL_NO_FACE,
2026-07-30 05:53:56,unknown,FAIL_NO_FACE,
2026-07-30 05:53:57,unknown,FAIL_NO_FACE,
2026-07-30 05:53:58,unknown,FAIL_NO_FACE,
2026-07-30 05:53:59,unknown,FAIL_NO_FACE,
2026-07-30 05:54:00,unknown,FAIL_NO_FACE,
2026-07-30 05:54:01,unknown,FAIL_NO_FACE,
2026-07-30 05:54:02,unknown,FAIL_NO_FACE,
2026-07-30 05:54:03,unknown,FAIL_NO_FACE,
2026-07-30 05:54:04,unknown,FAIL_NO_FACE,
2026-07-30 05:54:05,unknown,FAIL_NO_FACE,
2026-07-30 05:54:06,unknown,FAIL_NO_FACE,
2026-07-30 05:54:07,unknown,FAIL_NO_FACE,
2026-07-30 05:54:08,unknown,FAIL_NO_FACE,
2026-07-30 05:54:09,unknown,FAIL_NO_FACE,
2026-07-30 05:54:10,unknown,FAIL_NO_FACE,
2026-07-30 05:54:11,unknown,FAIL_NO_FACE,
2026-07-30 05:54:12,unknown,FAIL_NO_FACE,
2026-07-30 05:54:13,unknown,FAIL_NO_FACE,
2026-07-30 05:54:14,unknown,FAIL_NO_FACE,
2026-07-30 05:54:15,unknown,FAIL_NO_FACE,
2026-07-30 05:54:16,unknown,FAIL_NO_FACE,
2026-07-30 05:54:17,unknown,FAIL_NO_FACE,
2026-07-30 05:54:18,unknown,FAIL_NO_FACE,
2026-07-30 05:54:19,unknown,FAIL_NO_FACE,
2026-07-30 05:54:20,unknown,FAIL_NO_FACE,
2026-07-30 05:54:21,unknown,FAIL_NO_FACE,
2026-07-30 05:54:22,unknown,FAIL_NO_FACE,
2026-07-30 05:54:23,unknown,FAIL_NO_FACE,
2026-07-30 05:54:24,unknown,FAIL_NO_FACE,
2026-07-30 05:54:25,unknown,FAIL_NO_FACE,
2026-07-30 05:54:26,unknown,FAIL_NO_FACE,
2026-07-30 05:54:27,unknown,FAIL_NO_FACE,
2026-07-30 05:54:28,unknown,FAIL_NO_FACE,
2026-07-30 05:54:29,unknown,FAIL_NO_FACE,
2026-07-30 05:54:30,unknown,FAIL_NO_FACE,
2026-07-30 05:54:31,unknown,FAIL_NO_FACE,
2026-07-30 05:54:32,unknown,FAIL_NO_FACE,
2026-07-30 05:54:33,unknown,FAIL_NO_FACE,
2026-07-30 05:54:34,unknown,FAIL_NO_FACE,
2026-07-30 05:54:35,unknown,FAIL_NO_FACE,
2026-07-30 05:54:36,unknown,FAIL_NO_FACE,
2026-07-30 05:54:37,unknown,FAIL_NO_FACE,
2026-07-30 05:54:38,unknown,FAIL_NO_FACE,
2026-07-30 05:54:39,unknown,FAIL_NO_FACE,
2026-07-30 05:54:40,unknown,FAIL_NO_FACE,
2026-07-30 05:54:41,unknown,FAIL_NO_FACE,
2026-07-30 05:54:43,unknown,FAIL_NO_FACE,
2026-07-30 05:54:43,unknown,FAIL_NO_FACE,
2026-07-30 05:54:44,unknown,FAIL_NO_FACE,
2026-07-30 05:54:46,unknown,FAIL_NO_FACE,
2026-07-30 05:54:47,unknown,FAIL_NO_FACE,
2026-07-30 05:54:48,unknown,FAIL_NO_FACE,
2026-07-30 05:54:49,unknown,FAIL_NO_FACE,
2026-07-30 05:54:50,unknown,FAIL_NO_FACE,
2026-07-30 05:54:51,unknown,FAIL_NO_FACE,
2026-07-30 05:54:52,unknown,FAIL_NO_FACE,
2026-07-30 05:54:53,unknown,FAIL_NO_FACE,
2026-07-30 05:54:54,unknown,FAIL_NO_FACE,
2026-07-30 05:54:55,unknown,FAIL_NO_FACE,
2026-07-30 05:54:56,unknown,FAIL_NO_FACE,
2026-07-30 05:54:57,unknown,FAIL_NO_FACE,
2026-07-30 05:54:58,unknown,FAIL_NO_FACE,
2026-07-30 05:54:59,unknown,FAIL_NO_FACE,
2026-07-30 05:55:00,unknown,FAIL_NO_FACE,
2026-07-30 05:55:01,unknown,FAIL_NO_FACE,
2026-07-30 05:55:02,unknown,FAIL_NO_FACE,
2026-07-30 05:55:03,unknown,FAIL_NO_FACE,
2026-07-30 05:55:04,unknown,FAIL_NO_FACE,
2026-07-30 05:55:05,unknown,FAIL_NO_FACE,
2026-07-30 05:55:07,unknown,FAIL_NO_FACE,
2026-07-30 05:55:08,unknown,FAIL_NO_FACE,
2026-07-30 05:55:09,unknown,FAIL_NO_FACE,
2026-07-30 05:55:10,unknown,FAIL_NO_FACE,
2026-07-30 05:55:11,unknown,FAIL_NO_FACE,
2026-07-30 05:55:12,unknown,FAIL_NO_FACE,
2026-07-30 05:55:13,unknown,FAIL_NO_FACE,
2026-07-30 05:55:14,unknown,FAIL_NO_FACE,
2026-07-30 05:55:15,unknown,FAIL_NO_FACE,
2026-07-30 05:55:16,unknown,FAIL_NO_FACE,
2026-07-30 05:55:17,unknown,FAIL_NO_FACE,
2026-07-30 05:55:18,unknown,FAIL_NO_FACE,
2026-07-30 05:55:19,unknown,FAIL_NO_FACE,
2026-07-30 05:55:20,unknown,FAIL_NO_FACE,
2026-07-30 05:55:21,unknown,FAIL_NO_FACE,
2026-07-30 05:55:22,unknown,FAIL_NO_FACE,
2026-07-30 05:55:23,unknown,FAIL_NO_FACE,
2026-07-30 05:55:24,unknown,FAIL_NO_FACE,
2026-07-30 05:55:25,unknown,FAIL_NO_FACE,
2026-07-30 05:55:26,unknown,FAIL_NO_FACE,
2026-07-30 05:55:27,unknown,FAIL_NO_FACE,
2026-07-30 05:55:28,unknown,FAIL_NO_FACE,
2026-07-30 05:55:29,unknown,FAIL_NO_FACE,
2026-07-30 05:55:30,unknown,FAIL_NO_FACE,
2026-07-30 05:55:31,unknown,FAIL_NO_FACE,
2026-07-30 05:55:32,unknown,FAIL_NO_FACE,
2026-07-30 05:55:33,unknown,FAIL_NO_FACE,
2026-07-30 05:55:34,unknown,FAIL_NO_FACE,
2026-07-30 05:55:35,unknown,FAIL_NO_FACE,
2026-07-30 05:55:36,unknown,FAIL_NO_FACE,
2026-07-30 05:55:37,unknown,FAIL_NO_FACE,
2026-07-30 05:55:38,unknown,FAIL_NO_FACE,
2026-07-30 05:55:39,unknown,FAIL_NO_FACE,
2026-07-30 05:55:40,unknown,FAIL_NO_FACE,
2026-07-30 05:55:41,unknown,FAIL_NO_FACE,
2026-07-30 05:55:42,unknown,FAIL_NO_FACE,
2026-07-30 05:55:43,unknown,FAIL_NO_FACE,
2026-07-30 05:55:44,unknown,FAIL_NO_FACE,
2026-07-30 05:55:45,unknown,FAIL_NO_FACE,
2026-07-30 05:55:46,unknown,FAIL_NO_FACE,
2026-07-30 05:55:47,unknown,FAIL_NO_FACE,
2026-07-30 05:55:48,unknown,FAIL_NO_FACE,
2026-07-30 05:55:49,unknown,FAIL_NO_FACE,
2026-07-30 05:55:50,unknown,FAIL_NO_FACE,
2026-07-30 05:55:51,unknown,FAIL_NO_FACE,
2026-07-30 05:55:52,unknown,FAIL_NO_FACE,
2026-07-30 05:55:53,unknown,FAIL_NO_FACE,
2026-07-30 05:55:54,unknown,FAIL_NO_FACE,
2026-07-30 05:55:55,unknown,FAIL_NO_FACE,
2026-07-30 05:55:56,unknown,FAIL_NO_FACE,
2026-07-30 05:55:57,unknown,FAIL_NO_FACE,
2026-07-30 05:55:58,unknown,FAIL_NO_FACE,
2026-07-30 05:56:00,unknown,FAIL_NO_FACE,
2026-07-30 05:56:01,unknown,FAIL_NO_FACE,
2026-07-30 05:56:02,unknown,FAIL_NO_FACE,
2026-07-30 05:56:03,unknown,FAIL_NO_FACE,
2026-07-30 05:56:04,unknown,FAIL_NO_FACE,
2026-07-30 05:56:05,unknown,FAIL_NO_FACE,
2026-07-30 05:56:06,unknown,FAIL_NO_FACE,
2026-07-30 05:56:07,unknown,FAIL_NO_FACE,
2026-07-30 05:56:08,unknown,FAIL_NO_FACE,
2026-07-30 05:56:09,unknown,FAIL_NO_FACE,
2026-07-30 05:56:10,unknown,FAIL_NO_FACE,
2026-07-30 05:56:11,unknown,FAIL_NO_FACE,
2026-07-30 05:56:12,unknown,FAIL_NO_FACE,
2026-07-30 05:56:13,unknown,FAIL_NO_FACE,
2026-07-30 05:56:14,unknown,FAIL_NO_FACE,
2026-07-30 05:56:15,unknown,FAIL_NO_FACE,
2026-07-30 05:56:16,unknown,FAIL_NO_FACE,
2026-07-30 05:59:16,unknown,FAIL_NO_FACE,
2026-07-30 05:59:17,unknown,FAIL_NO_FACE,
2026-07-30 05:59:18,unknown,FAIL_NO_FACE,
2026-07-30 05:59:19,unknown,FAIL_NO_FACE,
2026-07-30 05:59:20,unknown,FAIL_NO_FACE,
2026-07-30 05:59:21,unknown,FAIL_NO_FACE,
2026-07-30 05:59:22,unknown,FAIL_NO_FACE,
2026-07-30 05:59:23,unknown,FAIL_NO_FACE,
2026-07-30 05:59:24,unknown,FAIL_NO_FACE,
2026-07-30 05:59:25,unknown,FAIL_NO_FACE,
2026-07-30 05:59:26,unknown,FAIL_NO_FACE,
2026-07-30 05:59:27,unknown,FAIL_NO_FACE,
2026-07-30 05:59:28,unknown,FAIL_NO_FACE,
2026-07-30 05:59:29,unknown,FAIL_NO_FACE,
2026-07-30 05:59:30,unknown,FAIL_NO_FACE,
2026-07-30 05:59:31,unknown,FAIL_NO_FACE,
2026-07-30 05:59:32,unknown,FAIL_NO_FACE,
2026-07-30 05:59:33,unknown,FAIL_NO_FACE,
2026-07-30 05:59:34,unknown,FAIL_NO_FACE,
2026-07-30 05:59:35,unknown,FAIL_NO_FACE,
2026-07-30 05:59:36,unknown,FAIL_NO_FACE,
2026-07-30 05:59:37,unknown,FAIL_NO_FACE,
2026-07-30 05:59:38,unknown,FAIL_NO_FACE,
2026-07-30 05:59:39,unknown,FAIL_NO_FACE,
2026-07-30 05:59:40,unknown,FAIL_NO_FACE,
2026-07-30 05:59:41,unknown,FAIL_NO_FACE,
2026-07-30 05:59:42,unknown,FAIL_NO_FACE,
2026-07-30 05:59:43,unknown,FAIL_NO_FACE,
2026-07-30 05:59:44,unknown,FAIL_NO_FACE,
2026-07-30 05:59:45,unknown,FAIL_NO_FACE,
2026-07-30 05:59:46,unknown,FAIL_NO_FACE,
2026-07-30 05:59:47,unknown,FAIL_NO_FACE,
2026-07-30 05:59:48,unknown,FAIL_NO_FACE,
2026-07-30 05:59:50,unknown,FAIL_NO_FACE,
2026-07-30 05:59:51,unknown,FAIL_NO_FACE,
2026-07-30 05:59:52,unknown,FAIL_NO_FACE,
2026-07-30 05:59:53,unknown,FAIL_NO_FACE,
2026-07-30 05:59:54,unknown,FAIL_NO_FACE,
2026-07-30 05:59:55,unknown,FAIL_NO_FACE,
2026-07-30 05:59:56,unknown,FAIL_NO_FACE,
2026-07-30 05:59:57,unknown,FAIL_NO_FACE,
2026-07-30 05:59:58,unknown,FAIL_NO_FACE,
2026-07-30 05:59:59,unknown,FAIL_NO_FACE,
2026-07-30 06:00:00,unknown,FAIL_NO_FACE,
2026-07-30 06:00:01,unknown,FAIL_NO_FACE,
2026-07-30 06:00:02,unknown,FAIL_NO_FACE,
2026-07-30 06:00:03,unknown,FAIL_NO_FACE,
2026-07-30 06:00:04,unknown,FAIL_NO_FACE,
2026-07-30 06:00:05,unknown,FAIL_NO_FACE,
2026-07-30 06:00:06,unknown,FAIL_NO_FACE,
2026-07-30 06:00:07,unknown,FAIL_NO_FACE,
2026-07-30 06:00:08,unknown,FAIL_NO_FACE,
2026-07-30 06:00:09,unknown,FAIL_NO_FACE,
2026-07-30 06:00:10,unknown,FAIL_NO_FACE,
2026-07-30 06:00:11,unknown,FAIL_NO_FACE,
2026-07-30 06:00:12,unknown,FAIL_NO_FACE,
2026-07-30 06:00:14,unknown,FAIL_NO_FACE,
2026-07-30 06:00:15,unknown,FAIL_NO_FACE,
2026-07-30 06:00:16,unknown,FAIL_NO_FACE,
2026-07-30 06:00:17,unknown,FAIL_NO_FACE,
2026-07-30 06:00:18,unknown,FAIL_NO_FACE,
2026-07-30 06:00:19,unknown,FAIL_NO_FACE,
2026-07-30 06:00:20,unknown,FAIL_NO_FACE,
2026-07-30 06:00:21,unknown,FAIL_NO_FACE,
2026-07-30 06:00:22,unknown,FAIL_NO_FACE,
2026-07-30 06:00:23,unknown,FAIL_NO_FACE,
2026-07-30 06:00:24,unknown,FAIL_NO_FACE,
2026-07-30 06:00:25,unknown,FAIL_NO_FACE,
2026-07-30 06:00:26,unknown,FAIL_NO_FACE,
2026-07-30 06:00:27,unknown,FAIL_NO_FACE,
2026-07-30 06:00:28,unknown,FAIL_NO_FACE,
2026-07-30 06:00:29,unknown,FAIL_NO_FACE,
2026-07-30 06:00:30,unknown,FAIL_NO_FACE,
2026-07-30 06:00:31,unknown,FAIL_NO_FACE,
2026-07-30 06:00:32,unknown,FAIL_NO_FACE,
2026-07-30 06:00:33,unknown,FAIL_NO_FACE,
2026-07-30 06:00:34,unknown,FAIL_NO_FACE,
2026-07-30 06:00:35,unknown,FAIL_NO_FACE,
2026-07-30 06:00:36,unknown,FAIL_NO_FACE,
2026-07-30 06:00:37,unknown,FAIL_NO_FACE,
2026-07-30 06:00:38,unknown,FAIL_NO_FACE,
2026-07-30 06:00:39,unknown,FAIL_NO_FACE,
2026-07-30 06:00:40,unknown,FAIL_NO_FACE,
2026-07-30 06:00:41,unknown,FAIL_NO_FACE,
2026-07-30 06:00:42,unknown,FAIL_NO_FACE,
2026-07-30 06:00:43,unknown,FAIL_NO_FACE,
2026-07-30 06:00:44,unknown,FAIL_NO_FACE,
2026-07-30 06:00:46,unknown,FAIL_NO_FACE,
2026-07-30 06:00:47,unknown,FAIL_NO_MATCH,0.6949
2026-07-30 06:00:48,unknown,FAIL_NO_MATCH,0.6898
2026-07-30 06:00:49,unknown,FAIL_NO_FACE,
2026-07-30 06:00:50,unknown,FAIL_NO_FACE,
2026-07-30 06:00:51,unknown,FAIL_NO_FACE,
2026-07-30 06:00:52,unknown,FAIL_NO_FACE,
2026-07-30 06:00:53,unknown,FAIL_NO_FACE,
2026-07-30 06:00:54,unknown,FAIL_NO_FACE,
2026-07-30 06:00:55,unknown,FAIL_NO_FACE,
2026-07-30 06:00:56,unknown,FAIL_NO_FACE,
2026-07-30 06:00:57,unknown,FAIL_NO_FACE,
2026-07-30 06:00:58,unknown,FAIL_NO_FACE,
2026-07-30 06:00:59,unknown,FAIL_NO_FACE,
2026-07-30 06:01:00,unknown,FAIL_NO_FACE,
2026-07-30 06:01:01,unknown,FAIL_NO_FACE,
2026-07-30 06:01:02,unknown,FAIL_NO_FACE,
2026-07-30 06:01:03,unknown,FAIL_NO_FACE,
2026-07-30 06:01:04,unknown,FAIL_NO_FACE,
2026-07-30 06:01:05,unknown,FAIL_NO_FACE,
2026-07-30 06:01:06,unknown,FAIL_NO_FACE,
2026-07-30 06:01:07,unknown,FAIL_NO_FACE,
2026-07-30 06:01:09,unknown,FAIL_NO_FACE,
2026-07-30 06:01:09,unknown,FAIL_NO_FACE,
2026-07-30 06:01:11,unknown,FAIL_NO_FACE,
2026-07-30 06:01:12,unknown,FAIL_NO_FACE,
2026-07-30 06:01:13,unknown,FAIL_NO_FACE,
2026-07-30 06:01:14,unknown,FAIL_NO_FACE,
2026-07-30 06:01:15,unknown,FAIL_NO_FACE,
2026-07-30 06:01:16,unknown,FAIL_NO_FACE,
2026-07-30 06:01:17,unknown,FAIL_NO_FACE,
2026-07-30 06:01:18,unknown,FAIL_NO_FACE,
2026-07-30 06:01:19,unknown,FAIL_NO_FACE,
2026-07-30 06:01:20,unknown,FAIL_NO_FACE,
2026-07-30 06:01:22,unknown,FAIL_NO_MATCH,0.8887
2026-07-30 06:01:22,unknown,FAIL_NO_FACE,
2026-07-30 06:01:23,unknown,FAIL_NO_FACE,
2026-07-30 06:01:25,unknown,FAIL_NO_MATCH,0.7731
2026-07-30 06:01:26,unknown,FAIL_NO_MATCH,0.7653
2026-07-30 06:01:27,unknown,FAIL_NO_FACE,
2026-07-30 06:01:28,unknown,FAIL_NO_MATCH,0.7334
2026-07-30 06:01:29,unknown,FAIL_NO_FACE,
2026-07-30 06:01:30,unknown,FAIL_NO_FACE,
2026-07-30 06:01:31,unknown,FAIL_NO_MATCH,0.7034
2026-07-30 06:01:32,unknown,FAIL_NO_FACE,
2026-07-30 06:01:33,unknown,FAIL_NO_MATCH,0.6837
2026-07-30 06:01:34,unknown,FAIL_NO_FACE,
2026-07-30 06:01:35,unknown,FAIL_NO_MATCH,0.7130
2026-07-30 06:01:37,unknown,FAIL_NO_MATCH,0.7376
2026-07-30 06:01:37,unknown,FAIL_NO_MATCH,0.7026
2026-07-30 06:01:38,unknown,FAIL_NO_MATCH,0.7482
2026-07-30 06:01:39,unknown,FAIL_NO_MATCH,0.7247
2026-07-30 06:01:40,unknown,FAIL_NO_FACE,
2026-07-30 06:01:41,unknown,FAIL_NO_MATCH,0.6755
2026-07-30 06:01:42,unknown,FAIL_NO_MATCH,0.7366
2026-07-30 06:01:43,unknown,FAIL_NO_FACE,
2026-07-30 06:01:44,unknown,FAIL_NO_MATCH,0.7068
2026-07-30 06:01:45,unknown,FAIL_NO_MATCH,0.7435
2026-07-30 06:01:46,unknown,FAIL_NO_MATCH,0.7022
2026-07-30 06:01:47,unknown,FAIL_NO_MATCH,0.7164
2026-07-30 06:01:49,unknown,FAIL_NO_MATCH,0.6975
2026-07-30 06:01:49,unknown,FAIL_NO_MATCH,0.7168
2026-07-30 06:01:51,unknown,FAIL_NO_MATCH,0.6843
2026-07-30 06:01:52,unknown,FAIL_NO_MATCH,0.6954
2026-07-30 06:01:53,unknown,FAIL_NO_MATCH,0.6925
2026-07-30 06:01:54,unknown,FAIL_NO_MATCH,0.7189
2026-07-30 06:01:55,unknown,FAIL_NO_MATCH,0.6157
2026-07-30 06:01:56,unknown,FAIL_NO_MATCH,0.6935
2026-07-30 06:01:59,unknown,FAIL_NO_MATCH,0.6117
2026-07-30 06:02:00,unknown,FAIL_NO_MATCH,0.6987
2026-07-30 06:02:01,unknown,FAIL_NO_MATCH,0.6875
2026-07-30 06:02:03,unknown,FAIL_NO_MATCH,0.6905
2026-07-30 06:02:03,unknown,FAIL_NO_MATCH,0.7070
2026-07-30 06:02:04,unknown,FAIL_NO_MATCH,0.6812
2026-07-30 06:02:06,unknown,FAIL_NO_MATCH,0.7684
2026-07-30 06:02:07,unknown,FAIL_NO_MATCH,0.7704
2026-07-30 06:02:08,unknown,FAIL_NO_MATCH,0.7514
2026-07-30 06:02:09,unknown,FAIL_NO_MATCH,0.7899
2026-07-30 06:02:09,unknown,FAIL_NO_FACE,
2026-07-30 06:02:11,unknown,FAIL_NO_MATCH,0.7824
2026-07-30 06:02:12,unknown,FAIL_NO_MATCH,0.7910
2026-07-30 06:02:13,unknown,FAIL_NO_MATCH,0.7079
2026-07-30 06:02:14,unknown,FAIL_NO_MATCH,0.7919
2026-07-30 06:02:15,unknown,FAIL_NO_MATCH,0.6801
2026-07-30 06:02:16,unknown,FAIL_NO_MATCH,0.7239
2026-07-30 06:02:16,unknown,FAIL_NO_FACE,
2026-07-30 06:02:18,unknown,FAIL_NO_FACE,
2026-07-30 06:02:19,unknown,FAIL_NO_MATCH,0.7261
2026-07-30 06:02:19,unknown,FAIL_NO_FACE,
2026-07-30 06:02:20,unknown,FAIL_NO_FACE,
2026-07-30 06:02:22,unknown,FAIL_NO_FACE,
2026-07-30 06:02:23,unknown,FAIL_NO_FACE,
2026-07-30 06:02:24,unknown,FAIL_NO_FACE,
2026-07-30 06:12:40,unknown,FAIL_NO_FACE,
2026-07-30 06:12:41,unknown,FAIL_NO_FACE,
2026-07-30 06:12:41,unknown,FAIL_NO_FACE,
2026-07-30 06:12:43,unknown,FAIL_NO_FACE,
2026-07-30 06:12:44,unknown,FAIL_NO_FACE,
2026-07-30 06:12:45,unknown,FAIL_NO_FACE,
2026-07-30 06:12:46,unknown,FAIL_NO_FACE,
2026-07-30 06:12:47,unknown,FAIL_NO_FACE,
2026-07-30 06:12:48,unknown,FAIL_NO_FACE,
2026-07-30 06:12:49,unknown,FAIL_NO_FACE,
2026-07-30 06:12:50,unknown,FAIL_NO_FACE,
2026-07-30 06:12:51,unknown,FAIL_NO_FACE,
2026-07-30 06:12:52,unknown,FAIL_NO_FACE,
2026-07-30 06:12:53,unknown,FAIL_NO_FACE,
2026-07-30 06:12:54,unknown,FAIL_NO_FACE,
2026-07-30 06:12:55,unknown,FAIL_NO_FACE,
2026-07-30 06:12:56,unknown,FAIL_NO_FACE,
2026-07-30 06:12:57,unknown,FAIL_NO_FACE,
2026-07-30 06:12:58,unknown,FAIL_NO_FACE,
2026-07-30 06:12:59,unknown,FAIL_NO_FACE,
2026-07-30 06:13:00,unknown,FAIL_NO_FACE,
2026-07-30 06:13:01,unknown,FAIL_NO_FACE,
2026-07-30 06:13:02,unknown,FAIL_NO_FACE,
2026-07-30 06:13:03,unknown,FAIL_NO_FACE,
2026-07-30 06:13:04,unknown,FAIL_NO_FACE,
2026-07-30 06:13:05,Joyti,SUCCESS,0.4662
2026-07-30 06:13:06,Joyti,SUCCESS,0.4309
2026-07-30 06:13:07,Joyti,SUCCESS,0.4692
2026-07-30 06:13:08,Joyti,SUCCESS,0.4674
2026-07-30 06:13:09,unknown,FAIL_NO_FACE,
2026-07-30 06:13:10,unknown,FAIL_NO_FACE,
2026-07-30 06:13:11,unknown,FAIL_NO_FACE,
2026-07-30 06:13:12,unknown,FAIL_NO_FACE,
2026-07-30 06:13:13,unknown,FAIL_NO_FACE,
2026-07-30 06:13:14,unknown,FAIL_NO_FACE,
2026-07-30 06:13:15,unknown,FAIL_NO_FACE,
2026-07-30 06:13:16,unknown,FAIL_NO_FACE,
2026-07-30 06:13:17,unknown,FAIL_NO_FACE,
2026-07-30 06:13:18,unknown,FAIL_NO_FACE,
2026-07-30 06:13:19,unknown,FAIL_NO_FACE,
2026-07-30 06:13:20,unknown,FAIL_NO_FACE,
2026-07-30 06:13:21,unknown,FAIL_NO_FACE,
2026-07-30 06:13:22,unknown,FAIL_NO_FACE,
2026-07-30 06:13:23,unknown,FAIL_NO_FACE,
2026-07-30 06:13:24,unknown,FAIL_NO_FACE,
2026-07-30 06:13:25,unknown,FAIL_NO_FACE,
2026-07-30 06:13:26,unknown,FAIL_NO_FACE,
2026-07-30 06:13:27,unknown,FAIL_NO_MATCH,0.5476
2026-07-30 06:13:28,unknown,FAIL_NO_FACE,
2026-07-30 06:13:29,unknown,FAIL_NO_FACE,
2026-07-30 06:13:30,unknown,FAIL_NO_FACE,
2026-07-30 06:13:31,unknown,FAIL_NO_FACE,
2026-07-30 06:13:32,unknown,FAIL_NO_FACE,
2026-07-30 06:13:33,unknown,FAIL_NO_FACE,
2026-07-30 06:13:34,unknown,FAIL_NO_FACE,
2026-07-30 06:13:35,unknown,FAIL_NO_FACE,
2026-07-30 06:13:36,unknown,FAIL_NO_FACE,
2026-07-30 06:13:37,unknown,FAIL_NO_FACE,
2026-07-30 06:13:38,unknown,FAIL_NO_FACE,
2026-07-30 06:13:39,unknown,FAIL_NO_FACE,
2026-07-30 06:13:40,unknown,FAIL_NO_MATCH,0.5380
2026-07-30 06:13:41,unknown,FAIL_NO_FACE,
2026-07-30 06:13:42,unknown,FAIL_NO_FACE,
2026-07-30 06:13:43,unknown,FAIL_NO_FACE,
2026-07-30 06:13:44,Joyti,SUCCESS,0.3951
2026-07-30 06:13:45,Joyti,SUCCESS,0.3728
2026-07-30 06:13:47,Joyti,SUCCESS,0.4018
2026-07-30 06:13:47,Joyti,SUCCESS,0.3455
2026-07-30 06:13:49,Joyti,SUCCESS,0.4194
2026-07-30 06:13:50,Joyti,SUCCESS,0.4165
2026-07-30 06:13:51,Joyti,SUCCESS,0.3991
2026-07-30 06:13:52,Joyti,SUCCESS,0.3986
2026-07-30 06:13:53,Joyti,SUCCESS,0.3769
2026-07-30 06:13:54,Joyti,SUCCESS,0.3810
2026-07-30 06:13:55,Joyti,SUCCESS,0.4196
2026-07-30 06:13:56,Joyti,SUCCESS,0.3975
2026-07-30 06:13:57,Joyti,SUCCESS,0.4295
2026-07-30 06:13:58,Joyti,SUCCESS,0.4724
2026-07-30 06:13:59,Joyti,SUCCESS,0.4826
2026-07-30 06:14:00,Joyti,SUCCESS,0.4680
2026-07-30 06:14:01,Joyti,SUCCESS,0.4939
2026-07-30 06:14:02,unknown,FAIL_NO_MATCH,0.5080
2026-07-30 06:14:03,unknown,FAIL_NO_MATCH,0.5014
2026-07-30 06:14:04,unknown,FAIL_NO_MATCH,0.5053
2026-07-30 06:14:05,unknown,FAIL_NO_FACE,
2026-07-30 06:14:06,unknown,FAIL_NO_FACE,
2026-07-30 06:14:07,unknown,FAIL_NO_FACE,
2026-07-30 06:14:08,unknown,FAIL_NO_FACE,
2026-07-30 06:14:09,unknown,FAIL_NO_FACE,
2026-07-30 06:14:10,unknown,FAIL_NO_FACE,
2026-07-30 06:14:11,unknown,FAIL_NO_FACE,
2026-07-30 06:14:12,unknown,FAIL_NO_FACE,
2026-07-30 06:14:13,unknown,FAIL_NO_FACE,
2026-07-30 06:14:14,unknown,FAIL_NO_FACE,
2026-07-30 06:14:15,unknown,FAIL_NO_FACE,
2026-07-30 06:14:16,unknown,FAIL_NO_FACE,
2026-07-30 06:14:17,unknown,FAIL_NO_FACE,
2026-07-30 06:14:18,Joyti,SUCCESS,0.4800
2026-07-30 06:14:19,Joyti,SUCCESS,0.4179
2026-07-30 06:14:20,unknown,FAIL_NO_FACE,
2026-07-30 06:14:21,Joyti,SUCCESS,0.4690
2026-07-30 06:14:22,Joyti,SUCCESS,0.3990
2026-07-30 06:14:23,Joyti,SUCCESS,0.3929
2026-07-30 06:14:24,Joyti,SUCCESS,0.4059
2026-07-30 06:14:25,Joyti,SUCCESS,0.4258
2026-07-30 06:14:26,Joyti,SUCCESS,0.3845
2026-07-30 06:14:27,Joyti,SUCCESS,0.4287
2026-07-30 06:14:28,Joyti,SUCCESS,0.4219
2026-07-30 06:14:29,Joyti,SUCCESS,0.4184
2026-07-30 06:14:30,Joyti,SUCCESS,0.4158
2026-07-30 06:14:31,Joyti,SUCCESS,0.4064
2026-07-30 06:14:32,Joyti,SUCCESS,0.4080
2026-07-30 06:14:33,Joyti,SUCCESS,0.4406
2026-07-30 06:14:34,Joyti,SUCCESS,0.4381
2026-07-30 06:14:35,Joyti,SUCCESS,0.4549
2026-07-30 06:14:36,Joyti,SUCCESS,0.4570
2026-07-30 06:14:37,Joyti,SUCCESS,0.4040
2026-07-30 06:14:38,Joyti,SUCCESS,0.3997
2026-07-30 06:14:39,Joyti,SUCCESS,0.4168
2026-07-30 06:14:41,Joyti,SUCCESS,0.3794
2026-07-30 06:14:41,Joyti,SUCCESS,0.4091
2026-07-30 06:14:43,Joyti,SUCCESS,0.4116
2026-07-30 06:14:44,Joyti,SUCCESS,0.4091
2026-07-30 06:14:45,Joyti,SUCCESS,0.3897
2026-07-30 06:14:46,Joyti,SUCCESS,0.3983
2026-07-30 06:14:47,Joyti,SUCCESS,0.3926
2026-07-30 06:14:48,Joyti,SUCCESS,0.4030
2026-07-30 06:14:49,Joyti,SUCCESS,0.4440
2026-07-30 06:14:50,Joyti,SUCCESS,0.4919
2026-07-30 06:14:51,Joyti,SUCCESS,0.4948
2026-07-30 06:14:52,unknown,FAIL_NO_MATCH,0.5004
2026-07-30 06:14:53,Joyti,SUCCESS,0.4983
2026-07-30 06:14:54,unknown,FAIL_NO_MATCH,0.5099
2026-07-30 06:14:55,unknown,FAIL_NO_MATCH,0.5093
2026-07-30 06:14:56,unknown,FAIL_NO_MATCH,0.5039
2026-07-30 06:14:57,Joyti,SUCCESS,0.4834
2026-07-30 06:14:58,Joyti,SUCCESS,0.4917
2026-07-30 06:14:59,unknown,FAIL_NO_MATCH,0.5075
2026-07-30 06:15:00,unknown,FAIL_NO_MATCH,0.5021
2026-07-30 06:15:01,unknown,FAIL_NO_MATCH,0.5062
2026-07-30 06:15:02,Joyti,SUCCESS,0.4150
2026-07-30 06:15:03,Joyti,SUCCESS,0.4221
2026-07-30 06:15:04,unknown,FAIL_NO_MATCH,0.5020
2026-07-30 06:15:05,Joyti,SUCCESS,0.4775
2026-07-30 06:15:06,Joyti,SUCCESS,0.4913
2026-07-30 06:15:07,Joyti,SUCCESS,0.4670
2026-07-30 06:15:08,Joyti,SUCCESS,0.4386
2026-07-30 06:15:09,Joyti,SUCCESS,0.4336
2026-07-30 06:15:10,Joyti,SUCCESS,0.4238
2026-07-30 06:15:12,Joyti,SUCCESS,0.4314
2026-07-30 06:15:13,Joyti,SUCCESS,0.4335
2026-07-30 06:15:14,Joyti,SUCCESS,0.4248
2026-07-30 06:15:15,Joyti,SUCCESS,0.4206
2026-07-30 06:15:15,Joyti,SUCCESS,0.4525
2026-07-30 06:15:17,Joyti,SUCCESS,0.4341
2026-07-30 06:15:18,Joyti,SUCCESS,0.4451
2026-07-30 06:15:19,Joyti,SUCCESS,0.4472
2026-07-30 06:15:20,Joyti,SUCCESS,0.4581
2026-07-30 06:15:21,Joyti,SUCCESS,0.4655
2026-07-30 06:15:22,Joyti,SUCCESS,0.4591
2026-07-30 06:15:23,Joyti,SUCCESS,0.4370
2026-07-30 06:15:24,Joyti,SUCCESS,0.4518
2026-07-30 06:15:25,Joyti,SUCCESS,0.4336
2026-07-30 06:15:26,Joyti,SUCCESS,0.4043
2026-07-30 06:15:27,Joyti,SUCCESS,0.4248
2026-07-30 06:15:28,Joyti,SUCCESS,0.4283
2026-07-30 06:15:29,Joyti,SUCCESS,0.4224
2026-07-30 06:15:30,Joyti,SUCCESS,0.4301
2026-07-30 06:15:31,Joyti,SUCCESS,0.4224
2026-07-30 06:15:32,Joyti,SUCCESS,0.4244
2026-07-30 06:15:33,Joyti,SUCCESS,0.4252
2026-07-30 06:15:34,Joyti,SUCCESS,0.4119
2026-07-30 06:15:38,Joyti,SUCCESS,0.4182
2026-07-30 06:15:40,Joyti,SUCCESS,0.4146
2026-07-30 06:15:41,Joyti,SUCCESS,0.4283
2026-07-30 06:15:42,Joyti,SUCCESS,0.4177
2026-07-30 06:15:43,Joyti,SUCCESS,0.4072
2026-07-30 06:15:44,Joyti,SUCCESS,0.4229
2026-07-30 06:15:45,Joyti,SUCCESS,0.4327
2026-07-30 06:15:47,Joyti,SUCCESS,0.4161
2026-07-30 06:15:47,Joyti,SUCCESS,0.4190
2026-07-30 06:15:48,Joyti,SUCCESS,0.4268
2026-07-30 06:15:49,Joyti,SUCCESS,0.4116
2026-07-30 06:15:50,Joyti,SUCCESS,0.4496
2026-07-30 06:15:51,Joyti,SUCCESS,0.4540
2026-07-30 06:15:52,Joyti,SUCCESS,0.4097
2026-07-30 06:15:53,Joyti,SUCCESS,0.4213
2026-07-30 06:15:54,Joyti,SUCCESS,0.4382
2026-07-30 06:15:55,Joyti,SUCCESS,0.4502
2026-07-30 06:15:56,Joyti,SUCCESS,0.4394
2026-07-30 06:15:57,Joyti,SUCCESS,0.4422
2026-07-30 06:15:58,Joyti,SUCCESS,0.4383
2026-07-30 06:15:59,Joyti,SUCCESS,0.4551
2026-07-30 06:16:01,Joyti,SUCCESS,0.4375
2026-07-30 06:16:01,Joyti,SUCCESS,0.4398
2026-07-30 06:16:03,Joyti,SUCCESS,0.4671
2026-07-30 06:16:03,Joyti,SUCCESS,0.4433
2026-07-30 06:16:05,Joyti,SUCCESS,0.4537
2026-07-30 06:16:06,Joyti,SUCCESS,0.4668
2026-07-30 06:16:06,Joyti,SUCCESS,0.4158
2026-07-30 06:16:10,Joyti,SUCCESS,0.3792
2026-07-30 06:16:11,Joyti,SUCCESS,0.4382
2026-07-30 06:16:12,Joyti,SUCCESS,0.4488
2026-07-30 06:16:13,unknown,FAIL_NO_FACE,
2026-07-30 06:16:14,unknown,FAIL_NO_FACE,
2026-07-30 06:16:15,unknown,FAIL_NO_FACE,
2026-07-30 06:16:16,unknown,FAIL_NO_FACE,
2026-07-30 06:16:17,unknown,FAIL_NO_FACE,
2026-07-30 06:16:18,unknown,FAIL_NO_FACE,
2026-07-30 06:16:19,unknown,FAIL_NO_FACE,
2026-07-30 06:16:20,unknown,FAIL_NO_FACE,
2026-07-30 06:16:21,unknown,FAIL_NO_FACE,
2026-07-30 06:16:22,unknown,FAIL_NO_FACE,
2026-07-30 06:16:23,unknown,FAIL_NO_FACE,
2026-07-30 06:16:25,unknown,FAIL_NO_FACE,
2026-07-30 06:16:26,unknown,FAIL_NO_FACE,
2026-07-30 06:16:27,unknown,FAIL_NO_FACE,
2026-07-30 06:16:28,unknown,FAIL_NO_FACE,
2026-07-30 06:16:29,unknown,FAIL_NO_FACE,
2026-07-30 06:16:30,unknown,FAIL_NO_FACE,
2026-07-30 06:16:31,unknown,FAIL_NO_FACE,
2026-07-30 06:16:32,unknown,FAIL_NO_FACE,
2026-07-30 06:16:33,unknown,FAIL_NO_FACE,
2026-07-30 06:16:34,unknown,FAIL_NO_FACE,
2026-07-30 06:16:35,unknown,FAIL_NO_FACE,
2026-07-30 06:16:36,unknown,FAIL_NO_FACE,
2026-07-30 06:16:37,unknown,FAIL_NO_FACE,
2026-07-30 06:16:38,unknown,FAIL_NO_FACE,
2026-07-30 06:16:39,unknown,FAIL_NO_FACE,
2026-07-30 06:16:40,unknown,FAIL_NO_FACE,
2026-07-30 06:16:41,unknown,FAIL_NO_FACE,
2026-07-30 06:16:42,unknown,FAIL_NO_FACE,
2026-07-30 06:16:43,unknown,FAIL_NO_FACE,
2026-07-30 06:16:44,unknown,FAIL_NO_FACE,
2026-07-30 06:16:45,unknown,FAIL_NO_FACE,
2026-07-30 06:16:46,unknown,FAIL_NO_FACE,
2026-07-30 06:16:47,unknown,FAIL_NO_FACE,
2026-07-30 06:16:48,unknown,FAIL_NO_FACE,
2026-07-30 06:16:49,unknown,FAIL_NO_FACE,
2026-07-30 06:16:50,unknown,FAIL_NO_FACE,
2026-07-30 06:16:51,unknown,FAIL_NO_FACE,
2026-07-30 06:16:52,unknown,FAIL_NO_FACE,
2026-07-30 06:16:53,unknown,FAIL_NO_FACE,
2026-07-30 06:16:54,unknown,FAIL_NO_FACE,
2026-07-30 06:16:55,unknown,FAIL_NO_FACE,
2026-07-30 06:16:56,unknown,FAIL_NO_FACE,
2026-07-30 06:16:57,unknown,FAIL_NO_FACE,
2026-07-30 06:16:58,Joyti,SUCCESS,0.3964
2026-07-30 06:17:00,unknown,FAIL_NO_MATCH,0.5096
2026-07-30 06:17:00,unknown,FAIL_NO_FACE,
2026-07-30 06:17:01,unknown,FAIL_NO_FACE,
2026-07-30 06:17:02,unknown,FAIL_NO_FACE,
2026-07-30 06:17:03,unknown,FAIL_NO_FACE,
2026-07-30 06:17:05,Joyti,SUCCESS,0.3784
2026-07-30 06:17:06,Joyti,SUCCESS,0.3651
2026-07-30 06:17:07,Joyti,SUCCESS,0.3310
2026-07-30 06:17:08,Joyti,SUCCESS,0.3899
2026-07-30 06:17:09,Joyti,SUCCESS,0.3947
2026-07-30 06:17:10,Joyti,SUCCESS,0.3804
2026-07-30 06:17:11,Joyti,SUCCESS,0.3684
2026-07-30 06:17:12,Joyti,SUCCESS,0.4543
2026-07-30 06:17:13,Joyti,SUCCESS,0.3369
2026-07-30 06:17:14,Joyti,SUCCESS,0.3571
2026-07-30 06:17:15,Joyti,SUCCESS,0.3340
2026-07-30 06:17:16,Joyti,SUCCESS,0.3613
2026-07-30 06:17:17,Joyti,SUCCESS,0.3306
2026-07-30 06:18:26,Joyti,SUCCESS,0.3348
2026-07-30 06:18:39,Joyti,SUCCESS,0.3384
2026-07-30 06:18:40,Joyti,SUCCESS,0.3454
2026-07-30 13:02:57,Joyti,SUCCESS,0.4231
2026-07-30 13:02:58,Joyti,SUCCESS,0.4218
2026-07-30 13:02:59,Joyti,SUCCESS,0.4166
2026-07-30 13:03:00,Joyti,SUCCESS,0.4148
2026-07-30 13:03:01,Joyti,SUCCESS,0.4181
2026-07-30 13:03:02,Joyti,SUCCESS,0.4010
2026-07-30 13:03:03,Joyti,SUCCESS,0.4041
2026-07-30 13:03:04,Joyti,SUCCESS,0.4027
2026-07-30 13:03:05,Joyti,SUCCESS,0.4251
2026-07-30 13:03:06,Joyti,SUCCESS,0.4110
2026-07-30 13:03:07,Joyti,SUCCESS,0.3953
2026-07-30 13:03:08,Joyti,SUCCESS,0.4046
2026-07-30 13:03:09,Joyti,SUCCESS,0.4504
2026-07-30 13:03:10,Joyti,SUCCESS,0.4136
2026-07-30 13:03:11,Joyti,SUCCESS,0.4237
2026-07-30 13:03:12,Joyti,SUCCESS,0.4221
2026-07-30 13:03:13,Joyti,SUCCESS,0.4096
2026-07-30 13:03:14,Joyti,SUCCESS,0.4173
2026-07-30 13:03:15,Joyti,SUCCESS,0.4360
2026-07-30 13:03:16,Joyti,SUCCESS,0.4365
2026-07-30 13:03:17,Joyti,SUCCESS,0.4147
2026-07-30 13:03:18,Joyti,SUCCESS,0.4202
2026-07-30 13:03:19,Joyti,SUCCESS,0.3952
2026-07-30 13:03:20,Joyti,SUCCESS,0.4170
2026-07-30 13:03:21,Joyti,SUCCESS,0.4439
2026-07-30 13:03:22,Joyti,SUCCESS,0.4354
2026-07-30 13:03:23,Joyti,SUCCESS,0.4312
2026-07-30 13:03:24,Joyti,SUCCESS,0.3797
2026-07-30 13:03:25,Joyti,SUCCESS,0.3975
2026-07-30 13:03:26,Joyti,SUCCESS,0.4307
2026-07-30 13:03:28,Joyti,SUCCESS,0.4189
2026-07-30 13:03:29,Joyti,SUCCESS,0.4076
2026-07-30 13:03:30,Joyti,SUCCESS,0.4105
2026-07-30 13:03:31,Joyti,SUCCESS,0.4676
2026-07-30 13:03:32,Joyti,SUCCESS,0.4519
2026-07-30 13:03:33,Joyti,SUCCESS,0.4669
2026-07-30 13:03:34,unknown,FAIL_NO_MATCH,0.5091
2026-07-30 13:03:35,Joyti,SUCCESS,0.4154
2026-07-30 13:03:36,Joyti,SUCCESS,0.3654
2026-07-30 13:03:37,Joyti,SUCCESS,0.3905
2026-07-30 13:03:38,Joyti,SUCCESS,0.3936
2026-07-30 13:03:39,Joyti,SUCCESS,0.3646
2026-07-30 13:03:40,Joyti,SUCCESS,0.4079
2026-07-30 13:03:41,Joyti,SUCCESS,0.4014
2026-07-30 13:03:42,Joyti,SUCCESS,0.3611
2026-07-30 13:03:43,Joyti,SUCCESS,0.4412
2026-07-30 13:03:44,Joyti,SUCCESS,0.4302
2026-07-30 13:03:45,Joyti,SUCCESS,0.4276
2026-07-30 13:03:46,Joyti,SUCCESS,0.4402
2026-07-30 13:03:47,Joyti,SUCCESS,0.4329
2026-07-30 13:03:48,Joyti,SUCCESS,0.4257
2026-07-30 13:03:49,Joyti,SUCCESS,0.4584
2026-07-30 13:03:50,Joyti,SUCCESS,0.4327
2026-07-30 13:03:51,Joyti,SUCCESS,0.4228
2026-07-30 13:03:52,Joyti,SUCCESS,0.4136
2026-07-30 13:03:53,Joyti,SUCCESS,0.4101
2026-07-30 13:03:54,Joyti,SUCCESS,0.4456
2026-07-30 13:03:56,Joyti,SUCCESS,0.4064
2026-07-30 13:03:57,Joyti,SUCCESS,0.3927
2026-07-30 13:03:58,Joyti,SUCCESS,0.4105
2026-07-30 13:03:59,Joyti,SUCCESS,0.4313
2026-07-30 13:04:00,Joyti,SUCCESS,0.3569
2026-07-30 13:04:01,Joyti,SUCCESS,0.3806
2026-07-30 13:04:01,unknown,FAIL_NO_FACE,
2026-07-30 13:04:02,unknown,FAIL_NO_FACE,
2026-07-30 13:04:04,unknown,FAIL_NO_FACE,
2026-07-30 13:04:05,Joyti,SUCCESS,0.4405
2026-07-30 13:04:06,Joyti,SUCCESS,0.4109
2026-07-30 13:04:07,Joyti,SUCCESS,0.3980
2026-07-30 13:04:08,Joyti,SUCCESS,0.4095
2026-07-30 13:04:09,Joyti,SUCCESS,0.4087
2026-07-30 13:04:10,Joyti,SUCCESS,0.3984
2026-07-30 13:04:11,Joyti,SUCCESS,0.4469
2026-07-30 13:04:12,Joyti,SUCCESS,0.4339
2026-07-30 13:04:13,Joyti,SUCCESS,0.4160
2026-07-30 13:04:14,Joyti,SUCCESS,0.3849
2026-07-30 13:04:15,unknown,FAIL_NO_FACE,
2026-07-30 13:04:16,unknown,FAIL_NO_FACE,
2026-07-30 13:04:17,unknown,FAIL_NO_FACE,
2026-07-30 13:04:18,unknown,FAIL_NO_FACE,
2026-07-30 13:04:19,unknown,FAIL_NO_FACE,
2026-07-30 13:04:20,unknown,FAIL_NO_FACE,
2026-07-30 13:04:21,Joyti,SUCCESS,0.4603
2026-07-30 13:04:22,unknown,FAIL_NO_FACE,
2026-07-30 13:04:23,unknown,FAIL_NO_FACE,
2026-07-30 13:04:24,unknown,FAIL_NO_FACE,
2026-07-30 13:04:25,unknown,FAIL_NO_FACE,
2026-07-30 13:04:26,unknown,FAIL_NO_FACE,
2026-07-30 13:04:27,unknown,FAIL_NO_FACE,
2026-07-30 13:04:28,unknown,FAIL_NO_FACE,
2026-07-30 13:04:29,unknown,FAIL_NO_FACE,
2026-07-30 13:04:30,unknown,FAIL_NO_FACE,
2026-07-30 13:04:31,unknown,FAIL_NO_FACE,
2026-07-30 13:04:32,unknown,FAIL_NO_FACE,
2026-07-30 13:04:33,Joyti,SUCCESS,0.3812
2026-07-30 13:04:35,Joyti,SUCCESS,0.3512
2026-07-30 13:04:36,Joyti,SUCCESS,0.3962
2026-07-30 13:04:37,Joyti,SUCCESS,0.3996
2026-07-30 13:04:38,Joyti,SUCCESS,0.4411
2026-07-30 13:04:39,Joyti,SUCCESS,0.3906
2026-07-30 13:04:40,Joyti,SUCCESS,0.4176
2026-07-30 13:04:41,Joyti,SUCCESS,0.4122
2026-07-30 13:04:42,Joyti,SUCCESS,0.4328
2026-07-30 13:04:43,Joyti,SUCCESS,0.4299
2026-07-30 13:04:44,Joyti,SUCCESS,0.4236
2026-07-30 13:04:45,Joyti,SUCCESS,0.4174
2026-07-30 13:04:46,Joyti,SUCCESS,0.4008
2026-07-30 13:04:47,Joyti,SUCCESS,0.3648
2026-07-30 13:04:48,Joyti,SUCCESS,0.4362
2026-07-30 13:04:49,Joyti,SUCCESS,0.4412
2026-07-30 13:04:50,Joyti,SUCCESS,0.3661
2026-07-30 13:04:51,Joyti,SUCCESS,0.4031
2026-07-30 13:04:52,Joyti,SUCCESS,0.4191
2026-07-30 13:04:53,Joyti,SUCCESS,0.4089
2026-07-30 13:04:54,Joyti,SUCCESS,0.4180
2026-07-30 13:04:55,unknown,FAIL_NO_MATCH,0.5501
2026-07-30 13:04:56,Joyti,SUCCESS,0.3926
2026-07-30 13:04:57,unknown,FAIL_NO_FACE,
2026-07-30 13:04:58,Joyti,SUCCESS,0.4073
2026-07-30 13:04:59,Joyti,SUCCESS,0.4090
2026-07-30 13:05:00,Joyti,SUCCESS,0.4147
2026-07-30 13:05:01,Joyti,SUCCESS,0.4456
2026-07-30 13:05:02,Joyti,SUCCESS,0.4013
2026-07-30 13:05:03,Joyti,SUCCESS,0.3698
2026-07-30 13:05:04,Joyti,SUCCESS,0.3785
2026-07-30 13:05:05,Joyti,SUCCESS,0.3594
2026-07-30 13:05:06,Joyti,SUCCESS,0.3563
2026-07-30 13:05:07,Joyti,SUCCESS,0.3493
2026-07-30 13:05:08,Joyti,SUCCESS,0.3602
2026-07-30 13:05:09,Joyti,SUCCESS,0.3622
2026-07-30 13:05:10,Joyti,SUCCESS,0.3655
2026-07-30 13:05:11,Joyti,SUCCESS,0.4127
2026-07-30 13:05:13,Joyti,SUCCESS,0.4007
2026-07-30 13:05:14,Joyti,SUCCESS,0.4086
2026-07-30 13:05:15,Joyti,SUCCESS,0.3967
2026-07-30 13:05:16,Joyti,SUCCESS,0.3904
2026-07-30 13:05:17,Joyti,SUCCESS,0.3872
2026-07-30 13:05:18,Joyti,SUCCESS,0.3952
2026-07-30 13:05:19,Joyti,SUCCESS,0.4179
2026-07-30 13:05:20,Joyti,SUCCESS,0.3949
2026-07-30 13:05:21,Joyti,SUCCESS,0.3925
2026-07-30 13:05:22,Joyti,SUCCESS,0.4068
2026-07-30 13:05:23,Joyti,SUCCESS,0.4006
2026-07-30 13:05:24,Joyti,SUCCESS,0.3972
2026-07-30 13:05:25,Joyti,SUCCESS,0.3971
2026-07-30 13:05:26,Joyti,SUCCESS,0.3866
2026-07-30 13:05:27,Joyti,SUCCESS,0.4153
2026-07-30 13:05:28,Joyti,SUCCESS,0.4259
2026-07-30 13:05:29,Joyti,SUCCESS,0.4019
2026-07-30 13:05:30,Joyti,SUCCESS,0.4061
2026-07-30 13:05:31,Joyti,SUCCESS,0.3964
2026-07-30 13:05:32,Joyti,SUCCESS,0.3869
2026-07-30 13:05:33,Joyti,SUCCESS,0.4058
2026-07-30 13:05:34,Joyti,SUCCESS,0.3988
2026-07-30 13:05:35,Joyti,SUCCESS,0.3958
2026-07-30 13:05:36,Joyti,SUCCESS,0.3998
2026-07-30 13:05:37,Joyti,SUCCESS,0.3975
2026-07-30 13:05:38,Joyti,SUCCESS,0.3899
2026-07-30 13:05:39,Joyti,SUCCESS,0.3973
2026-07-30 13:05:40,Joyti,SUCCESS,0.3919
2026-07-30 13:05:41,Joyti,SUCCESS,0.4071
2026-07-30 13:05:42,Joyti,SUCCESS,0.4219
2026-07-30 13:05:44,Joyti,SUCCESS,0.3915
2026-07-30 13:05:44,Joyti,SUCCESS,0.3918
2026-07-30 13:05:45,Joyti,SUCCESS,0.3853
2026-07-30 13:05:46,Joyti,SUCCESS,0.3757
2026-07-30 13:05:47,Joyti,SUCCESS,0.3933
2026-07-30 13:05:49,Joyti,SUCCESS,0.4061
2026-07-30 13:05:49,Joyti,SUCCESS,0.4081
2026-07-30 13:05:51,Joyti,SUCCESS,0.4109
2026-07-30 13:05:52,Joyti,SUCCESS,0.4057
2026-07-30 13:05:53,Joyti,SUCCESS,0.4195
2026-07-30 13:05:54,Joyti,SUCCESS,0.4255
2026-07-30 13:05:55,Joyti,SUCCESS,0.4552
2026-07-30 13:05:56,Joyti,SUCCESS,0.4015
2026-07-30 13:05:57,Joyti,SUCCESS,0.4144
2026-07-30 13:05:58,Joyti,SUCCESS,0.4035
2026-07-30 13:05:59,Joyti,SUCCESS,0.4079
2026-07-30 13:06:00,Joyti,SUCCESS,0.3937
2026-07-30 13:06:01,Joyti,SUCCESS,0.4070
2026-07-30 13:06:02,Joyti,SUCCESS,0.4145
2026-07-30 13:06:03,Joyti,SUCCESS,0.3896
2026-07-30 13:06:04,Joyti,SUCCESS,0.3649
2026-07-30 13:06:05,Joyti,SUCCESS,0.4066
2026-07-30 13:06:06,Joyti,SUCCESS,0.4298
2026-07-30 13:06:07,Joyti,SUCCESS,0.4182
2026-07-30 13:06:08,Joyti,SUCCESS,0.4854
2026-07-30 13:06:09,Joyti,SUCCESS,0.4677
2026-07-30 13:06:10,Joyti,SUCCESS,0.4568
2026-07-30 13:06:11,Joyti,SUCCESS,0.4504
2026-07-30 13:06:12,Joyti,SUCCESS,0.4835
2026-07-30 13:06:13,Joyti,SUCCESS,0.4610
2026-07-30 13:06:14,Joyti,SUCCESS,0.4749
2026-07-30 13:06:15,Joyti,SUCCESS,0.4544
2026-07-30 13:06:16,Joyti,SUCCESS,0.4378
2026-07-30 13:06:17,Joyti,SUCCESS,0.4226
2026-07-30 13:06:18,Joyti,SUCCESS,0.4292
2026-07-30 13:06:19,Joyti,SUCCESS,0.4168
2026-07-30 13:06:21,Joyti,SUCCESS,0.4226
2026-07-30 13:06:21,Joyti,SUCCESS,0.4134
2026-07-30 13:06:22,Joyti,SUCCESS,0.4113
2026-07-30 13:06:23,Joyti,SUCCESS,0.4211
2026-07-30 13:06:24,Joyti,SUCCESS,0.4337
2026-07-30 13:06:26,Joyti,SUCCESS,0.4269
2026-07-30 13:06:27,Joyti,SUCCESS,0.4110
2026-07-30 13:06:28,Joyti,SUCCESS,0.4116
2026-07-30 13:06:29,Joyti,SUCCESS,0.4061
2026-07-30 13:06:30,Joyti,SUCCESS,0.4133
2026-07-30 13:06:31,Joyti,SUCCESS,0.4103
2026-07-30 13:06:32,Joyti,SUCCESS,0.4494
2026-07-30 13:06:33,Joyti,SUCCESS,0.4184
2026-07-30 13:06:34,Joyti,SUCCESS,0.4246
2026-07-30 13:06:35,Joyti,SUCCESS,0.4069
2026-07-30 13:06:36,Joyti,SUCCESS,0.4401
2026-07-30 13:06:37,Joyti,SUCCESS,0.4082
2026-07-30 13:06:38,Joyti,SUCCESS,0.4321
2026-07-30 13:06:39,Joyti,SUCCESS,0.4279
2026-07-30 13:06:40,Joyti,SUCCESS,0.4208
2026-07-30 13:06:41,Joyti,SUCCESS,0.4203
2026-07-30 13:06:42,Joyti,SUCCESS,0.4276
2026-07-30 13:06:43,Joyti,SUCCESS,0.4275
2026-07-30 13:06:44,Joyti,SUCCESS,0.4649
2026-07-30 13:06:45,Joyti,SUCCESS,0.4791
2026-07-30 13:06:46,Joyti,SUCCESS,0.4485
2026-07-30 13:06:47,Joyti,SUCCESS,0.4366
2026-07-30 13:06:48,Joyti,SUCCESS,0.3921
2026-07-30 13:06:49,Joyti,SUCCESS,0.4079
2026-07-30 13:06:50,Joyti,SUCCESS,0.3842
2026-07-30 13:06:51,Joyti,SUCCESS,0.4008
2026-07-30 13:06:52,Joyti,SUCCESS,0.3791
2026-07-30 13:06:53,Joyti,SUCCESS,0.3888
2026-07-30 13:06:54,Joyti,SUCCESS,0.3914
2026-07-30 13:06:55,Joyti,SUCCESS,0.3702
2026-07-30 13:06:56,Joyti,SUCCESS,0.3997
2026-07-30 13:06:57,Joyti,SUCCESS,0.3991
2026-07-30 13:06:58,Joyti,SUCCESS,0.4145
2026-07-30 13:06:59,Joyti,SUCCESS,0.4040
2026-07-30 13:07:00,Joyti,SUCCESS,0.4345
2026-07-30 13:07:02,Joyti,SUCCESS,0.3900
2026-07-30 13:07:03,Joyti,SUCCESS,0.3853
2026-07-30 13:07:04,Joyti,SUCCESS,0.3774
2026-07-30 13:07:05,Joyti,SUCCESS,0.3993
2026-07-30 13:07:06,Joyti,SUCCESS,0.3976
2026-07-30 13:07:07,Joyti,SUCCESS,0.4192
2026-07-30 13:07:08,Joyti,SUCCESS,0.4125
2026-07-30 13:07:09,Joyti,SUCCESS,0.4358
2026-07-30 13:07:10,Joyti,SUCCESS,0.3956
2026-07-30 13:07:11,Joyti,SUCCESS,0.4020
2026-07-30 13:07:12,Joyti,SUCCESS,0.4062
2026-07-30 13:07:13,Joyti,SUCCESS,0.4087
2026-07-30 13:07:14,Joyti,SUCCESS,0.4209
2026-07-30 13:07:15,Joyti,SUCCESS,0.4721
2026-07-30 13:07:16,Joyti,SUCCESS,0.3838
2026-07-30 13:07:17,Joyti,SUCCESS,0.4029
2026-07-30 13:07:18,Joyti,SUCCESS,0.3582
2026-07-30 13:12:02,Joyti,SUCCESS,0.3960
2026-07-30 13:12:03,Joyti,SUCCESS,0.4070
2026-07-30 13:12:04,Joyti,SUCCESS,0.3789
2026-07-30 13:12:05,Joyti,SUCCESS,0.4633
2026-07-30 13:12:06,Joyti,SUCCESS,0.3896
2026-07-30 13:12:07,Joyti,SUCCESS,0.4327
2026-07-30 13:12:08,Joyti,SUCCESS,0.4445
2026-07-30 13:12:09,Joyti,SUCCESS,0.4260
2026-07-30 13:12:10,Joyti,SUCCESS,0.3849
2026-07-30 13:12:11,Joyti,SUCCESS,0.3783
2026-07-30 13:12:12,Joyti,SUCCESS,0.3859
2026-07-30 13:12:13,Joyti,SUCCESS,0.4175
2026-07-30 13:12:14,Joyti,SUCCESS,0.4184
2026-07-30 13:12:15,Joyti,SUCCESS,0.3988
2026-07-30 13:12:16,Joyti,SUCCESS,0.4109
2026-07-30 13:12:17,Joyti,SUCCESS,0.4427
2026-07-30 13:12:18,Joyti,SUCCESS,0.4069
2026-07-30 13:12:19,Joyti,SUCCESS,0.4071
2026-07-30 13:12:20,Joyti,SUCCESS,0.3825
2026-07-30 13:12:21,Joyti,SUCCESS,0.4007
2026-07-30 13:12:22,Joyti,SUCCESS,0.4481
2026-07-30 13:12:24,Joyti,SUCCESS,0.4278
2026-07-30 13:12:24,Joyti,SUCCESS,0.4182
2026-07-30 13:12:25,Joyti,SUCCESS,0.3949
2026-07-30 13:12:27,unknown,FAIL_NO_MATCH,0.5063
2026-07-30 13:12:28,Joyti,SUCCESS,0.3181
2026-07-30 13:12:29,Joyti,SUCCESS,0.3736
2026-07-30 13:12:30,Joyti,SUCCESS,0.3604
2026-07-30 13:12:31,Joyti,SUCCESS,0.3839
2026-07-30 13:12:32,Joyti,SUCCESS,0.3827
2026-07-30 13:12:33,Joyti,SUCCESS,0.3682
2026-07-30 13:12:34,Joyti,SUCCESS,0.3635
2026-07-30 13:12:35,Joyti,SUCCESS,0.4164
2026-07-30 13:12:36,Joyti,SUCCESS,0.4322
2026-07-30 13:12:37,Joyti,SUCCESS,0.4157
2026-07-30 13:12:38,Joyti,SUCCESS,0.4114
2026-07-30 13:12:39,Joyti,SUCCESS,0.4149
2026-07-30 13:12:40,Joyti,SUCCESS,0.3986
2026-07-30 13:12:41,Joyti,SUCCESS,0.4329
2026-07-30 13:12:42,Joyti,SUCCESS,0.4715
2026-07-30 13:12:43,unknown,FAIL_NO_MATCH,0.5076
2026-07-30 13:12:44,Joyti,SUCCESS,0.4850
2026-07-30 13:12:45,Joyti,SUCCESS,0.4979
2026-07-30 13:12:46,unknown,FAIL_NO_MATCH,0.5013
2026-07-30 13:12:47,Joyti,SUCCESS,0.4227
2026-07-30 13:12:48,Joyti,SUCCESS,0.4677
2026-07-30 13:12:49,Joyti,SUCCESS,0.4301
2026-07-30 13:12:50,Joyti,SUCCESS,0.4244
2026-07-30 13:12:51,Joyti,SUCCESS,0.4538
2026-07-30 13:12:52,Joyti,SUCCESS,0.4508
2026-07-30 13:12:53,Joyti,SUCCESS,0.4409
2026-07-30 13:12:54,Joyti,SUCCESS,0.4840
2026-07-30 13:12:55,Joyti,SUCCESS,0.4070
2026-07-30 13:12:56,Joyti,SUCCESS,0.3870
2026-07-30 13:12:57,Joyti,SUCCESS,0.4318
2026-07-30 13:12:58,unknown,FAIL_NO_FACE,
2026-07-30 13:12:59,Joyti,SUCCESS,0.3964
2026-07-30 13:13:00,Joyti,SUCCESS,0.3662
2026-07-30 13:13:01,Joyti,SUCCESS,0.4040
2026-07-30 13:13:02,Joyti,SUCCESS,0.3932
2026-07-30 13:13:03,Joyti,SUCCESS,0.4079
2026-07-30 13:13:05,Joyti,SUCCESS,0.4479
2026-07-30 13:13:05,Joyti,SUCCESS,0.4344
2026-07-30 13:13:07,Joyti,SUCCESS,0.4491
2026-07-30 13:13:08,Joyti,SUCCESS,0.4028
2026-07-30 13:13:09,Joyti,SUCCESS,0.4480
2026-07-30 13:13:10,Joyti,SUCCESS,0.4423
2026-07-30 13:13:11,Joyti,SUCCESS,0.4468
2026-07-30 13:13:12,Joyti,SUCCESS,0.4661
2026-07-30 13:13:13,Joyti,SUCCESS,0.4442
2026-07-30 13:13:14,Joyti,SUCCESS,0.4558
2026-07-30 13:13:15,Joyti,SUCCESS,0.4905
2026-07-30 13:13:16,Joyti,SUCCESS,0.4581
2026-07-30 13:13:17,Joyti,SUCCESS,0.4401
2026-07-30 13:13:18,Joyti,SUCCESS,0.4559
2026-07-30 13:13:19,Joyti,SUCCESS,0.4790
2026-07-30 13:13:20,Joyti,SUCCESS,0.3830
2026-07-30 13:13:21,Joyti,SUCCESS,0.3988
2026-07-30 13:13:22,Joyti,SUCCESS,0.4212
2026-07-30 13:13:23,Joyti,SUCCESS,0.3896
2026-07-30 13:13:24,Joyti,SUCCESS,0.4489
2026-07-30 13:13:25,Joyti,SUCCESS,0.4267
2026-07-30 13:13:26,Joyti,SUCCESS,0.4797
2026-07-30 13:13:27,Joyti,SUCCESS,0.3801
2026-07-30 13:13:28,unknown,FAIL_NO_FACE,
2026-07-30 13:13:29,unknown,FAIL_NO_FACE,
2026-07-30 13:13:30,unknown,FAIL_NO_FACE,
2026-07-30 13:13:31,unknown,FAIL_NO_FACE,
2026-07-30 13:13:32,Joyti,SUCCESS,0.4395
2026-07-30 13:13:33,Joyti,SUCCESS,0.4426
2026-07-30 13:13:34,Joyti,SUCCESS,0.4576
2026-07-30 13:13:35,Joyti,SUCCESS,0.4423
2026-07-30 13:13:37,Joyti,SUCCESS,0.4581
2026-07-30 13:13:38,Joyti,SUCCESS,0.4455
2026-07-30 13:13:39,Joyti,SUCCESS,0.4738
2026-07-30 13:13:40,Joyti,SUCCESS,0.4025
2026-07-30 13:13:41,Joyti,SUCCESS,0.4866
2026-07-30 13:13:42,Joyti,SUCCESS,0.4298
2026-07-30 13:13:43,Joyti,SUCCESS,0.4158
2026-07-30 13:13:44,Joyti,SUCCESS,0.4411
2026-07-30 13:13:45,Joyti,SUCCESS,0.4545
2026-07-30 13:13:46,Joyti,SUCCESS,0.4555
2026-07-30 13:13:47,Joyti,SUCCESS,0.4894
2026-07-30 13:13:48,unknown,FAIL_NO_MATCH,0.5457
2026-07-30 13:13:49,Joyti,SUCCESS,0.4134
2026-07-30 13:13:50,Joyti,SUCCESS,0.3629
2026-07-30 13:13:51,Joyti,SUCCESS,0.4061
2026-07-30 13:13:52,Joyti,SUCCESS,0.4222
2026-07-30 13:13:53,Joyti,SUCCESS,0.3900
2026-07-30 13:13:54,Joyti,SUCCESS,0.4111
2026-07-30 13:13:55,Joyti,SUCCESS,0.4272
2026-07-30 13:13:56,Joyti,SUCCESS,0.4540
2026-07-30 13:13:57,Joyti,SUCCESS,0.4277
2026-07-30 13:13:58,Joyti,SUCCESS,0.4488
2026-07-30 13:13:59,Joyti,SUCCESS,0.4075
2026-07-30 13:14:00,Joyti,SUCCESS,0.4438
2026-07-30 13:14:01,Joyti,SUCCESS,0.4295
2026-07-30 13:14:02,Joyti,SUCCESS,0.4378
2026-07-30 13:14:03,Joyti,SUCCESS,0.4630
2026-07-30 13:14:04,Joyti,SUCCESS,0.4267
2026-07-30 13:14:05,Joyti,SUCCESS,0.3841
2026-07-30 13:14:06,Joyti,SUCCESS,0.3883
2026-07-30 13:14:07,Joyti,SUCCESS,0.3842
2026-07-30 13:14:08,Joyti,SUCCESS,0.3676
2026-07-30 13:14:09,Joyti,SUCCESS,0.3706
2026-07-30 13:14:11,Joyti,SUCCESS,0.3916
2026-07-30 13:14:11,Joyti,SUCCESS,0.3751
2026-07-30 13:14:12,Joyti,SUCCESS,0.3745
2026-07-30 13:14:14,Joyti,SUCCESS,0.4048
2026-07-30 13:14:15,Joyti,SUCCESS,0.4040
2026-07-30 13:14:16,Joyti,SUCCESS,0.3942
2026-07-30 13:14:17,Joyti,SUCCESS,0.4162
2026-07-30 13:14:18,Joyti,SUCCESS,0.3863
2026-07-30 13:14:19,Joyti,SUCCESS,0.3963
2026-07-30 13:14:19,unknown,FAIL_NO_FACE,
2026-07-30 13:14:20,unknown,FAIL_NO_FACE,
2026-07-30 13:14:21,unknown,FAIL_NO_FACE,
2026-07-30 13:14:22,unknown,FAIL_NO_FACE,
2026-07-30 13:14:24,unknown,FAIL_NO_FACE,
2026-07-30 13:14:25,Joyti,SUCCESS,0.3936
2026-07-30 13:14:26,Joyti,SUCCESS,0.4315
2026-07-30 13:14:27,Joyti,SUCCESS,0.4240
2026-07-30 13:14:28,Joyti,SUCCESS,0.3724
2026-07-30 13:14:29,Joyti,SUCCESS,0.3839
2026-07-30 13:14:30,Joyti,SUCCESS,0.4264
2026-07-30 13:14:31,Joyti,SUCCESS,0.4212
2026-07-30 13:14:32,Joyti,SUCCESS,0.4118
2026-07-30 13:14:33,unknown,FAIL_NO_FACE,
2026-07-30 13:14:34,Joyti,SUCCESS,0.4119
2026-07-30 13:14:35,Joyti,SUCCESS,0.4293
2026-07-30 13:14:36,Joyti,SUCCESS,0.4227
2026-07-30 13:14:37,Joyti,SUCCESS,0.3595
2026-07-30 13:14:38,Joyti,SUCCESS,0.4291
2026-07-30 13:14:39,Joyti,SUCCESS,0.4034
2026-07-30 13:14:40,Joyti,SUCCESS,0.3403
2026-07-30 13:14:41,Joyti,SUCCESS,0.3855
2026-07-30 13:14:42,Joyti,SUCCESS,0.3571
2026-07-30 13:14:43,Joyti,SUCCESS,0.3776
2026-07-30 13:14:44,Joyti,SUCCESS,0.3785
2026-07-30 13:14:45,Joyti,SUCCESS,0.3959
2026-07-30 13:14:46,Joyti,SUCCESS,0.3401
2026-07-30 13:14:47,Joyti,SUCCESS,0.3517
2026-07-30 13:14:48,Joyti,SUCCESS,0.4526
2026-07-30 13:14:49,unknown,FAIL_NO_FACE,
2026-07-30 13:14:50,unknown,FAIL_NO_FACE,
2026-07-30 13:14:51,unknown,FAIL_NO_FACE,
2026-07-30 13:14:53,Joyti,SUCCESS,0.4016
2026-07-30 13:14:54,Joyti,SUCCESS,0.3738
2026-07-30 13:14:55,Joyti,SUCCESS,0.4153
2026-07-30 13:14:56,Joyti,SUCCESS,0.3806
2026-07-30 13:14:57,Joyti,SUCCESS,0.4088
2026-07-30 13:14:58,Joyti,SUCCESS,0.3634
2026-07-30 13:14:59,Joyti,SUCCESS,0.3713
2026-07-30 13:15:00,Joyti,SUCCESS,0.3917
2026-07-30 13:15:01,Joyti,SUCCESS,0.3854
2026-07-30 13:15:02,Joyti,SUCCESS,0.4044
2026-07-30 13:15:03,unknown,FAIL_NO_FACE,
2026-07-30 13:15:04,Joyti,SUCCESS,0.4525
2026-07-30 13:15:05,Joyti,SUCCESS,0.4218
2026-07-30 13:15:06,Joyti,SUCCESS,0.4327
2026-07-30 13:15:07,Joyti,SUCCESS,0.4151
2026-07-30 13:15:08,Joyti,SUCCESS,0.3766
2026-07-30 13:15:09,Joyti,SUCCESS,0.3983
2026-07-30 13:15:10,Joyti,SUCCESS,0.4230
2026-07-30 13:15:11,Joyti,SUCCESS,0.3941
2026-07-30 13:15:12,Joyti,SUCCESS,0.4410
2026-07-30 13:15:13,Joyti,SUCCESS,0.3653
2026-07-30 13:15:14,Joyti,SUCCESS,0.3865
2026-07-30 13:15:15,Joyti,SUCCESS,0.3630
2026-07-30 13:15:16,Joyti,SUCCESS,0.3695
2026-07-30 13:15:17,Joyti,SUCCESS,0.3594
2026-07-30 13:15:18,unknown,FAIL_NO_FACE,
2026-07-30 13:15:19,Joyti,SUCCESS,0.4667
2026-07-30 13:15:20,unknown,FAIL_NO_FACE,
2026-07-30 13:15:22,Joyti,SUCCESS,0.3809
2026-07-30 13:15:22,Joyti,SUCCESS,0.4070
2026-07-30 13:15:23,Joyti,SUCCESS,0.3608
2026-07-30 13:15:24,unknown,FAIL_NO_FACE,
2026-07-30 13:15:26,Joyti,SUCCESS,0.3875
2026-07-30 13:15:27,Joyti,SUCCESS,0.3471
2026-07-30 13:15:28,Joyti,SUCCESS,0.4120
2026-07-30 13:15:29,Joyti,SUCCESS,0.3904
2026-07-30 13:15:30,Joyti,SUCCESS,0.4426
2026-07-30 13:15:31,Joyti,SUCCESS,0.3588
2026-07-30 13:15:32,Joyti,SUCCESS,0.3443
2026-07-30 13:15:33,Joyti,SUCCESS,0.3404
2026-07-30 13:15:34,Joyti,SUCCESS,0.3900
2026-07-30 13:15:35,Joyti,SUCCESS,0.3187
2026-07-30 13:15:36,Joyti,SUCCESS,0.3869
2026-07-30 13:15:37,Joyti,SUCCESS,0.3775
2026-07-30 13:15:38,Joyti,SUCCESS,0.4401
2026-07-30 13:15:39,Joyti,SUCCESS,0.4352
2026-07-30 13:15:40,Joyti,SUCCESS,0.3918
2026-07-30 13:15:41,Joyti,SUCCESS,0.3250
2026-07-30 13:15:42,Joyti,SUCCESS,0.3460
2026-07-30 13:15:43,Joyti,SUCCESS,0.3668
2026-07-30 13:15:44,Joyti,SUCCESS,0.4360
2026-07-30 13:15:45,Joyti,SUCCESS,0.3587
2026-07-30 13:15:46,Joyti,SUCCESS,0.3940
2026-07-30 13:15:47,Joyti,SUCCESS,0.3721
2026-07-30 13:15:48,Joyti,SUCCESS,0.3605
2026-07-30 13:15:49,unknown,FAIL_NO_FACE,
2026-07-30 13:15:50,Joyti,SUCCESS,0.4178
2026-07-30 13:15:51,Joyti,SUCCESS,0.4074
2026-07-30 13:15:52,Joyti,SUCCESS,0.4181
2026-07-30 13:15:53,Joyti,SUCCESS,0.3870
2026-07-30 13:15:54,Joyti,SUCCESS,0.4109
2026-07-30 13:15:55,Joyti,SUCCESS,0.3887
2026-07-30 13:15:56,Joyti,SUCCESS,0.4272
2026-07-30 13:15:57,Joyti,SUCCESS,0.4221
2026-07-30 13:15:58,Joyti,SUCCESS,0.3726
2026-07-30 13:15:59,Joyti,SUCCESS,0.4271
2026-07-30 13:16:00,Joyti,SUCCESS,0.3936
2026-07-30 13:16:01,unknown,FAIL_NO_FACE,
2026-07-30 13:16:02,Joyti,SUCCESS,0.3447
2026-07-30 13:16:03,Joyti,SUCCESS,0.3469
2026-07-30 13:16:05,Joyti,SUCCESS,0.4069
2026-07-30 13:16:06,Joyti,SUCCESS,0.4133
2026-07-30 13:16:07,Joyti,SUCCESS,0.3943
2026-07-30 13:16:08,Joyti,SUCCESS,0.4015
2026-07-30 13:16:09,Joyti,SUCCESS,0.4013
2026-07-30 13:16:10,Joyti,SUCCESS,0.4073
2026-07-30 13:16:11,Joyti,SUCCESS,0.3971
2026-07-30 13:16:12,Joyti,SUCCESS,0.4218
2026-07-30 13:16:13,Joyti,SUCCESS,0.3856
2026-07-30 13:16:14,unknown,FAIL_NO_FACE,
2026-07-30 13:16:15,unknown,FAIL_NO_FACE,
2026-07-30 13:16:16,unknown,FAIL_NO_FACE,
2026-07-30 13:16:17,unknown,FAIL_NO_FACE,
2026-07-30 13:16:18,Joyti,SUCCESS,0.3623
2026-07-30 13:16:19,Joyti,SUCCESS,0.3839
2026-07-30 13:16:20,Joyti,SUCCESS,0.4272
2026-07-30 13:16:21,unknown,FAIL_NO_FACE,
2026-07-30 13:16:22,unknown,FAIL_NO_FACE,
2026-07-30 13:16:23,Joyti,SUCCESS,0.3530
2026-07-30 13:16:24,Joyti,SUCCESS,0.3738
2026-07-30 13:16:25,Joyti,SUCCESS,0.3674
2026-07-30 13:16:26,Joyti,SUCCESS,0.3812
2026-07-30 13:16:27,Joyti,SUCCESS,0.3635
2026-07-30 13:16:28,Joyti,SUCCESS,0.3582
2026-07-30 13:16:29,Joyti,SUCCESS,0.4230
2026-07-30 13:16:30,Joyti,SUCCESS,0.3699
2026-07-30 13:16:31,Joyti,SUCCESS,0.4049
2026-07-30 13:16:32,Joyti,SUCCESS,0.3825
2026-07-30 13:16:33,unknown,FAIL_NO_FACE,
2026-07-30 13:16:34,unknown,FAIL_NO_FACE,
2026-07-30 13:16:35,unknown,FAIL_NO_FACE,
2026-07-30 13:16:36,unknown,FAIL_NO_FACE,
2026-07-30 13:16:37,Joyti,SUCCESS,0.3522
2026-07-30 13:16:38,unknown,FAIL_NO_FACE,
2026-07-30 13:16:40,Joyti,SUCCESS,0.4071
2026-07-30 13:16:40,Joyti,SUCCESS,0.3413
2026-07-30 13:16:42,Joyti,SUCCESS,0.3644
2026-07-30 13:16:42,unknown,FAIL_NO_FACE,
2026-07-30 13:16:44,Joyti,SUCCESS,0.4122
2026-07-30 13:16:45,Joyti,SUCCESS,0.3183
2026-07-30 13:16:46,Joyti,SUCCESS,0.3346
2026-07-30 13:16:47,Joyti,SUCCESS,0.4067
2026-07-30 13:16:48,Joyti,SUCCESS,0.4607
2026-07-30 13:16:49,Joyti,SUCCESS,0.3637
2026-07-30 13:16:50,Joyti,SUCCESS,0.3455
2026-07-30 13:16:51,Joyti,SUCCESS,0.3520
2026-07-30 13:16:52,Joyti,SUCCESS,0.3274
2026-07-30 13:16:53,Joyti,SUCCESS,0.3968
2026-07-30 13:16:54,Joyti,SUCCESS,0.3654
2026-07-30 13:16:55,Joyti,SUCCESS,0.4176
2026-07-30 13:16:56,Joyti,SUCCESS,0.3663
2026-07-30 13:16:57,Joyti,SUCCESS,0.3770
2026-07-30 13:16:58,Joyti,SUCCESS,0.4152
2026-07-30 13:16:59,Joyti,SUCCESS,0.4530
2026-07-30 13:17:00,Joyti,SUCCESS,0.3762
2026-07-30 13:17:01,Joyti,SUCCESS,0.4169
2026-07-30 13:17:02,Joyti,SUCCESS,0.4223
2026-07-30 13:17:03,Joyti,SUCCESS,0.3776
2026-07-30 13:17:04,Joyti,SUCCESS,0.3757
2026-07-30 13:17:05,Joyti,SUCCESS,0.3597
2026-07-30 13:17:06,Joyti,SUCCESS,0.3609
2026-07-30 22:37:00,Joyti,FAIL_SPOOF,0.3939
2026-07-30 22:37:07,Joyti,SUCCESS,0.4243
2026-07-30 22:37:14,Joyti,FAIL_SPOOF,0.4541
2026-07-30 22:37:21,Joyti,FAIL_SPOOF,0.4209
2026-07-30 22:37:28,Joyti,FAIL_SPOOF,0.4152
2026-07-30 22:37:35,Joyti,SUCCESS,0.3769
2026-07-30 22:37:38,Joyti,SUCCESS,0.4109
2026-07-30 22:37:45,Joyti,FAIL_SPOOF,0.4267
2026-07-30 22:37:52,Joyti,FAIL_SPOOF,0.4564
2026-07-30 22:37:58,Joyti,SUCCESS,0.4615
2026-07-30 22:38:02,Joyti,SUCCESS,0.3909
2026-07-30 22:38:06,Joyti,SUCCESS,0.4309
2026-07-30 22:38:11,Joyti,SUCCESS,0.4868
2026-07-30 22:38:19,Joyti,FAIL_SPOOF,0.3815
2026-07-30 22:38:26,Joyti,FAIL_SPOOF,0.3861
2026-07-30 22:38:33,Joyti,FAIL_SPOOF,0.3650
2026-07-30 22:38:40,Joyti,SUCCESS,0.4472
2026-07-30 22:38:43,Joyti,SUCCESS,0.4268
2026-07-30 22:38:50,Joyti,SUCCESS,0.4082
2026-07-30 22:38:57,Joyti,FAIL_SPOOF,0.3907
2026-07-30 22:39:04,Joyti,FAIL_SPOOF,0.4119
2026-07-30 22:39:11,Joyti,FAIL_SPOOF,0.4044
2026-07-30 22:39:18,Joyti,FAIL_SPOOF,0.4639
2026-07-30 22:39:26,Joyti,FAIL_SPOOF,0.4535
2026-07-30 22:39:33,Joyti,FAIL_SPOOF,0.4772
2026-07-30 22:39:40,Joyti,SUCCESS,0.4337
2026-07-30 22:39:47,Joyti,FAIL_SPOOF,0.4057
2026-07-30 22:39:54,Joyti,FAIL_SPOOF,0.4254
2026-07-30 22:40:01,Joyti,SUCCESS,0.4546
2026-07-30 22:40:07,Joyti,SUCCESS,0.3965
2026-07-30 22:43:51,Joyti,FAIL_SPOOF,0.4039
2026-07-30 22:43:59,Joyti,FAIL_SPOOF,0.3541
2026-07-30 22:44:10,Joyti,FAIL_SPOOF,0.4225
2026-07-30 22:44:36,Joyti,FAIL_SPOOF,0.4362
2026-07-30 22:44:50,Joyti,SUCCESS,0.4199
2026-07-30 22:44:57,Joyti,FAIL_SPOOF,0.4220
2026-07-30 22:45:04,Joyti,FAIL_SPOOF,0.4584
2026-07-30 22:45:11,Joyti,FAIL_SPOOF,0.4194
2026-07-30 22:45:16,Joyti,SUCCESS,0.4692
2026-07-30 22:45:23,Joyti,FAIL_SPOOF,0.3893
2026-07-30 22:45:30,Joyti,FAIL_SPOOF,0.4281
2026-07-30 22:45:39,Joyti,FAIL_SPOOF,0.4236
2026-07-30 22:45:46,Joyti,FAIL_SPOOF,0.4128
2026-07-30 22:45:53,Joyti,FAIL_SPOOF,0.4298
2026-07-30 22:46:00,Joyti,FAIL_SPOOF,0.4207
2026-07-30 22:46:08,Joyti,FAIL_SPOOF,0.3985
2026-07-30 22:46:15,Joyti,FAIL_SPOOF,0.4260
2026-07-30 22:46:22,Joyti,FAIL_SPOOF,0.4275
2026-07-30 22:46:29,Joyti,FAIL_SPOOF,0.4554
2026-07-30 22:46:36,Joyti,FAIL_SPOOF,0.4513
2026-07-30 22:46:43,Joyti,FAIL_SPOOF,0.4413
2026-07-30 22:46:50,Joyti,FAIL_SPOOF,0.4489
2026-07-30 22:46:57,Joyti,FAIL_SPOOF,0.4458
2026-07-30 22:47:04,Joyti,FAIL_SPOOF,0.4190
2026-07-30 22:47:12,Joyti,FAIL_SPOOF,0.4401
2026-07-30 22:47:19,Joyti,FAIL_SPOOF,0.4338
2026-07-30 22:47:26,Joyti,FAIL_SPOOF,0.4278
2026-07-30 22:47:32,Joyti,SUCCESS,0.4147
2026-07-31 00:35:01,Joyti,FAIL_SPOOF,0.3904
2026-07-31 00:38:12,Joyti,FAIL_SPOOF,0.3962
2026-07-31 00:49:15,Joyti,FAIL_SPOOF,0.3561
2026-07-31 00:49:49,Joyti,FAIL_SPOOF,0.3483
2026-07-31 00:50:20,Joyti,FAIL_SPOOF,0.3333
2026-07-31 01:03:21,Joyti,FAIL_SPOOF,0.3437
2026-07-31 01:03:43,Joyti,FAIL_SPOOF,0.3603
2026-07-31 01:12:17,unknown,FAIL_NO_FACE,
2026-07-31 01:14:54,ammu,FAIL_SPOOF,0.1424
2026-07-31 01:20:51,abida,FAIL_SPOOF,0.0990
2026-07-31 01:21:56,abida,FAIL_SPOOF,0.1007
2026-07-31 01:23:31,joyti,SUCCESS,0.1352
2026-07-31 01:26:22,joyti_video,SUCCESS,0.1574
2026-07-31 05:01:40,joyti,FAIL_SPOOF,0.1674
2026-07-31 05:03:43,joyti,SUCCESS,0.0415
2026-07-31 05:06:14,jo,SUCCESS,0.2248
2026-07-31 09:18:01,joyti,FAIL_SPOOF,0.3623
2026-07-31 09:18:11,joyti,FAIL_SPOOF,0.3839
2026-07-31 09:18:21,joyti,FAIL_SPOOF,0.2043
2026-07-31 09:19:34,jo,SUCCESS,0.3136
2026-07-31 09:19:37,jo,SUCCESS,0.3226
2026-07-31 09:19:40,joyti,SUCCESS,0.3042
2026-07-31 09:19:44,joyti_video,SUCCESS,0.3001
2026-07-31 09:19:47,joyti_video,SUCCESS,0.2925
2026-07-31 09:19:52,joyti_video,SUCCESS,0.2872
2026-07-31 09:19:57,joyti,SUCCESS,0.3201
2026-07-31 09:20:07,joyti,SUCCESS,0.3356
2026-07-31 10:46:29,joyti,FAIL_SPOOF,0.3419
2026-07-31 10:46:34,joyti,FAIL_SPOOF,0.3696
2026-07-31 10:46:43,joyti,FAIL_SPOOF,0.3457
2026-07-31 10:46:49,joyti,FAIL_SPOOF,0.3190
2026-07-31 10:46:54,joyti,FAIL_SPOOF,0.3516
2026-07-31 10:47:03,joyti,FAIL_SPOOF,0.3707
2026-07-31 10:47:08,joyti,FAIL_SPOOF,0.3233
2026-07-31 10:47:13,joyti,FAIL_SPOOF,0.2704
2026-07-31 10:47:19,joyti,FAIL_SPOOF,0.3278
2026-07-31 10:47:27,joyti,SUCCESS,0.3339
2026-07-31 10:47:33,joyti,FAIL_SPOOF,0.3238
2026-07-31 10:47:40,joyti,FAIL_SPOOF,0.2023
2026-07-31 10:47:45,joyti,FAIL_SPOOF,0.2680
2026-07-31 10:47:50,joyti,FAIL_SPOOF,0.3036
2026-07-31 10:47:59,joyti,FAIL_SPOOF,0.2861
2026-07-31 10:48:06,joyti,FAIL_SPOOF,0.2950
2026-07-31 10:48:11,joyti,FAIL_SPOOF,0.2177
2026-07-31 10:48:16,joyti,FAIL_SPOOF,0.1672
2026-07-31 10:48:23,joyti,SUCCESS,0.2056
2026-07-31 10:48:28,joyti,FAIL_SPOOF,0.2137
2026-07-31 10:48:36,joyti,FAIL_SPOOF,0.3269
2026-07-31 10:48:42,joyti,FAIL_SPOOF,0.3462
2026-07-31 10:48:49,joyti,FAIL_SPOOF,0.4054
2026-07-31 10:49:00,joyti,FAIL_SPOOF,0.4049
2026-07-31 10:49:10,Joyti,FAIL_SPOOF,0.4331
2026-07-31 10:49:16,joyti,FAIL_SPOOF,0.3240
2026-07-31 10:49:20,joyti,FAIL_SPOOF,0.3826
2026-07-31 10:49:25,joyti,FAIL_SPOOF,0.4285
2026-07-31 10:49:30,joyti,FAIL_SPOOF,0.4122
2026-07-31 10:49:35,joyti,FAIL_SPOOF,0.4289
2026-07-31 10:49:44,joyti,FAIL_SPOOF,0.2992
2026-07-31 11:49:19,joyti,DENIED_SCREEN_SPOOF,0.4700
2026-07-31 11:49:22,joyti,DENIED_SCREEN_SPOOF,0.3257
2026-07-31 11:49:26,joyti,DENIED_SCREEN_SPOOF,0.3320
2026-07-31 11:49:29,joyti,DENIED_SCREEN_SPOOF,0.3378
2026-07-31 11:49:36,joyti,DENIED_SCREEN_SPOOF,0.2559
2026-07-31 11:49:40,joyti,DENIED_SCREEN_SPOOF,0.3594
2026-07-31 11:49:45,joyti,DENIED_SCREEN_SPOOF,0.3514
2026-07-31 11:49:52,joyti,DENIED_SCREEN_SPOOF,0.3313
2026-07-31 11:49:59,joyti,DENIED_SCREEN_SPOOF,0.2588
2026-07-31 11:50:04,joyti,DENIED_SCREEN_SPOOF,0.2376
2026-07-31 11:50:08,joyti,DENIED_SCREEN_SPOOF,0.2435
2026-07-31 11:50:13,joyti,DENIED_SCREEN_SPOOF,0.2711
2026-07-31 11:50:23,joyti,DENIED_SCREEN_SPOOF,0.2810
2026-07-31 11:50:27,joyti,DENIED_SCREEN_SPOOF,0.2572
2026-07-31 11:50:33,joyti,DENIED_SCREEN_SPOOF,0.3642
2026-07-31 11:50:37,joyti,DENIED_SCREEN_SPOOF,0.3253
2026-07-31 11:50:42,joyti,DENIED_SCREEN_SPOOF,0.2630
2026-07-31 11:50:47,joyti,DENIED_SCREEN_SPOOF,0.2224
2026-07-31 11:50:53,joyti,DENIED_SCREEN_SPOOF,0.3626
2026-07-31 11:50:56,joyti,DENIED_SCREEN_SPOOF,0.2324
2026-07-31 11:51:00,joyti,DENIED_SCREEN_SPOOF,0.3888
2026-07-31 11:51:08,joyti,DENIED_SCREEN_SPOOF,0.2926
2026-07-31 11:51:12,joyti,DENIED_SCREEN_SPOOF,0.2627
2026-07-31 11:51:15,joyti,DENIED_SCREEN_SPOOF,0.2388
2026-07-31 11:51:22,joyti,DENIED_SCREEN_SPOOF,0.2807
2026-07-31 11:51:26,joyti,DENIED_SCREEN_SPOOF,0.3121
2026-07-31 11:51:33,joyti,DENIED_SCREEN_SPOOF,0.3225
2026-07-31 11:51:42,joyti,DENIED_SCREEN_SPOOF,0.3468
2026-07-31 11:51:52,joyti,DENIED_SCREEN_SPOOF,0.3622
2026-07-31 11:51:55,joyti,DENIED_SCREEN_SPOOF,0.3477
2026-07-31 11:51:59,joyti,DENIED_SCREEN_SPOOF,0.3550
2026-07-31 12:00:45,joyti,SUCCESS,0.2916
2026-07-31 12:00:47,joyti,SUCCESS,0.3073
2026-07-31 12:00:51,joyti,SUCCESS,0.3452
2026-07-31 12:00:54,joyti,SUCCESS,0.2968
2026-07-31 12:00:57,joyti,SUCCESS,0.3263
2026-07-31 12:01:03,joyti,SUCCESS,0.3025
2026-07-31 12:01:08,joyti,SUCCESS,0.2950
2026-07-31 12:01:11,jo,SUCCESS,0.2739
2026-07-31 12:01:15,joyti,SUCCESS,0.4133
2026-07-31 12:01:18,jo,SUCCESS,0.3581
2026-07-31 12:01:21,jo,SUCCESS,0.3104
2026-07-31 12:01:25,jo,SUCCESS,0.3685
2026-07-31 12:01:29,jo,SUCCESS,0.3108
2026-07-31 12:01:34,jo,SUCCESS,0.3068
2026-07-31 12:01:37,joyti,SUCCESS,0.2923
2026-07-31 12:05:01,joyti,SUCCESS,0.3525
2026-07-31 12:05:05,joyti,SUCCESS,0.3194
2026-07-31 12:05:11,joyti,SUCCESS,0.3196
2026-07-31 12:05:17,joyti,SUCCESS,0.2571
2026-07-31 12:06:26,jo,SUCCESS,0.3408
2026-07-31 12:06:30,joyti,SUCCESS,0.3206
2026-07-31 12:06:33,joyti,SUCCESS,0.3096
2026-07-31 12:06:36,joyti,SUCCESS,0.3119
2026-07-31 12:06:39,joyti,SUCCESS,0.2731
2026-07-31 12:06:43,joyti_video,SUCCESS,0.3110
2026-07-31 12:06:46,joyti_video,SUCCESS,0.3125
2026-07-31 12:10:42,joyti,SUCCESS,0.3515
2026-07-31 12:10:45,joyti,SUCCESS,0.2749
2026-07-31 12:10:50,joyti,SUCCESS,0.2600
2026-07-31 12:11:00,joyti,FAIL_SPOOF,0.2511
2026-07-31 12:11:11,joyti,FAIL_SPOOF,0.2339
2026-07-31 12:11:15,joyti,SUCCESS,0.2316
2026-07-31 12:11:19,joyti,SUCCESS,0.2632
2026-07-31 12:11:22,joyti,SUCCESS,0.2436
2026-07-31 14:56:36,hehe,SUCCESS,0.2059
2026-07-31 14:56:42,hi,SUCCESS,0.2431
2026-07-31 14:56:46,joyti,SUCCESS,0.2560
2026-07-31 14:56:49,hehe,SUCCESS,0.2060
2026-07-31 14:56:53,jo,SUCCESS,0.2690
2026-07-31 14:56:58,jo,SUCCESS,0.2681
2026-07-31 14:57:08,jo,FAIL_SPOOF,0.4756
2026-07-31 14:57:15,hehe,SUCCESS,0.2099
2026-07-31 14:57:18,hehe,SUCCESS,0.4819
2026-07-31 14:57:23,hehe,SUCCESS,0.2256
2026-07-31 14:57:27,bhai,SUCCESS,0.2420
2026-07-31 15:01:38,joyti,SUCCESS,0.4580
2026-07-31 15:02:37,joyti,SUCCESS,0.4245
2026-07-31 15:02:40,hehe,SUCCESS,0.4692
2026-07-31 15:02:45,joyti,SUCCESS,0.4874
2026-07-31 15:04:46,ripon,SUCCESS,0.2650
2026-07-31 15:04:59,ripon,SUCCESS,0.3338
2026-07-31 15:05:01,ripon,SUCCESS,0.2663
2026-07-31 15:05:24,ripon,SUCCESS,0.3106
2026-07-31 15:05:32,joyti,SUCCESS,0.4466
2026-07-31 15:06:31,jo,FAIL_SPOOF,0.3703
2026-07-31 15:07:12,hehe,SUCCESS,0.4229
2026-07-31 15:07:25,joyti,SUCCESS,0.4400
2026-07-31 15:07:35,sadia,FAIL_SPOOF,0.4412
2026-07-31 15:08:02,joyti,FAIL_SPOOF,0.4915
2026-07-31 15:08:12,joyti,FAIL_SPOOF,0.4676
2026-07-31 15:08:19,bhai,SUCCESS,0.4390
2026-08-01 04:12:15,tasfi,SUCCESS,0.3904
2026-08-01 04:12:17,tasfi,SUCCESS,0.2265
2026-08-01 04:12:22,tasfi,SUCCESS,0.3456
2026-08-01 04:12:24,tasfi,SUCCESS,0.2115
2026-08-01 04:12:28,tasfi,SUCCESS,0.3422
2026-08-01 04:12:30,tasfi,SUCCESS,0.3767
2026-08-01 04:12:34,tasfi,SUCCESS,0.3282
2026-08-01 04:12:40,tasfi,SUCCESS,0.4479
2026-08-01 04:12:43,tasfia,SUCCESS,0.3077
2026-08-01 04:12:46,tasfia,SUCCESS,0.2901
2026-08-01 04:12:48,tasfia,SUCCESS,0.3042
2026-08-01 04:12:51,tasfia,SUCCESS,0.2194
2026-08-01 04:12:54,hehe,SUCCESS,0.3288
2026-08-01 04:13:14,hehe,SUCCESS,0.3256
2026-08-01 04:13:19,hi,SUCCESS,0.3409
2026-08-01 04:13:31,tasfi,FAIL_SPOOF,0.3508
2026-08-01 04:13:34,tasfia,SUCCESS,0.3802
2026-08-01 04:13:37,tasfi,SUCCESS,0.3824
2026-08-01 04:13:41,tasfi,SUCCESS,0.2321
2026-08-01 04:13:46,tasfi,SUCCESS,0.3591
2026-08-01 04:13:50,tasfi,SUCCESS,0.3186
2026-08-01 04:13:55,tasfi,SUCCESS,0.3932
2026-08-01 04:14:09,tasfi,SUCCESS,0.3741
2026-08-01 04:14:16,tasfia,SUCCESS,0.3378
2026-08-01 04:14:19,jo,SUCCESS,0.3116
2026-08-01 04:16:40,jo,SUCCESS,0.3071
2026-08-01 04:16:50,tasfi,FAIL_SPOOF,0.4881
2026-08-01 04:16:58,tasfi,SUCCESS,0.2708
2026-08-01 04:17:01,tasfi,SUCCESS,0.3546
2026-08-01 04:17:05,hehe,SUCCESS,0.3338
2026-08-01 04:18:08,abida2,SUCCESS,0.1858
2026-08-01 04:18:13,abida2,SUCCESS,0.2548
2026-08-01 04:18:26,abida2,SUCCESS,0.3905
2026-08-01 04:18:34,abida2,SUCCESS,0.4285
2026-08-01 04:18:39,tasfia,SUCCESS,0.3582
2026-08-01 04:18:42,tasfia,SUCCESS,0.2643
2026-08-01 04:18:45,hehe,SUCCESS,0.3858
2026-08-01 04:18:57,abida2,SUCCESS,0.3167
2026-08-01 04:19:01,joyti,SUCCESS,0.3680
2026-08-01 04:19:07,joyti,SUCCESS,0.3417
2026-08-01 04:19:10,tasfia,SUCCESS,0.2810
2026-08-01 04:19:21,abida2,FAIL_SPOOF,0.3075
2026-08-01 04:19:25,sadia,SUCCESS,0.4241
2026-08-01 04:19:28,tasfia,SUCCESS,0.3931
2026-08-01 04:19:38,abida2,SUCCESS,0.3296
2026-08-01 04:19:48,abida2,FAIL_SPOOF,0.2897
2026-08-01 04:19:54,hehe,SUCCESS,0.3524
2026-08-01 04:20:02,abida2,SUCCESS,0.2842
2026-08-01 04:20:05,sadia,SUCCESS,0.3894
2026-08-01 04:20:15,abida2,FAIL_SPOOF,0.3254
2026-08-01 04:20:20,sadia,SUCCESS,0.3693
2026-08-01 04:20:25,sadia,SUCCESS,0.3810
2026-08-01 04:20:28,tasfia,SUCCESS,0.3218
2026-08-01 04:20:35,hehe,SUCCESS,0.3140
2026-08-01 04:24:35,hehe,SUCCESS,0.3474
2026-08-01 04:24:46,abida2,FAIL_SPOOF,0.3056
2026-08-01 04:24:51,hehe,SUCCESS,0.3962
2026-08-01 04:25:01,joyti,FAIL_SPOOF,0.3444
2026-08-01 04:25:11,abida2,FAIL_SPOOF,0.3603
2026-08-01 04:25:21,jo,FAIL_SPOOF,0.3079
2026-08-01 04:25:28,abida2,SUCCESS,0.3952
2026-08-01 04:25:37,hehe,SUCCESS,0.3564
2026-08-01 04:25:41,tasfia,SUCCESS,0.3464
2026-08-01 04:25:51,tasfi,FAIL_SPOOF,0.3321
2026-08-01 04:26:03,tasfi,FAIL_SPOOF,0.2842
2026-08-01 04:26:13,tasfi,FAIL_SPOOF,0.2117
2026-08-01 04:26:23,abida2,FAIL_SPOOF,0.4008
2026-08-01 04:26:27,tasfi,SUCCESS,0.4574
2026-08-01 04:26:37,tasfia,FAIL_SPOOF,0.4051
2026-08-01 04:26:47,tasfi,FAIL_SPOOF,0.3328
2026-08-01 04:26:56,tasfi,SUCCESS,0.3894
2026-08-01 04:27:04,tasfia,SUCCESS,0.3555
2026-08-01 04:27:09,joyti,SUCCESS,0.3462
2026-08-01 04:27:12,tasfi,SUCCESS,0.4128
2026-08-01 04:27:16,joyti,SUCCESS,0.3926
2026-08-01 04:27:26,tasfi,FAIL_SPOOF,0.3961
2026-08-01 04:27:36,joyti,SUCCESS,0.3916
2026-08-01 04:27:46,joyti,FAIL_SPOOF,0.3317
2026-08-01 04:27:57,joyti,FAIL_SPOOF,0.3529
2026-08-01 04:29:04,tasfi,FAIL_SPOOF,0.2341
2026-08-01 04:29:14,tasfi,FAIL_SPOOF,0.2508
2026-08-01 04:29:24,tasfi,FAIL_SPOOF,0.2392
2026-08-01 04:29:35,tasfi,FAIL_SPOOF,0.2327
2026-08-01 04:33:15,jo,SUCCESS,0.3029
2026-08-01 04:33:18,tasfia,SUCCESS,0.2906
2026-08-01 04:33:21,tasfia,SUCCESS,0.3881
2026-08-01 04:33:25,hehe,SUCCESS,0.3695
2026-08-01 04:33:40,tasfia,SUCCESS,0.2049
2026-08-01 04:33:49,abida2,SUCCESS,0.3455
2026-08-01 04:33:53,hehe,SUCCESS,0.3387
2026-08-01 04:33:56,hehe,SUCCESS,0.3194
2026-08-01 04:34:45,hehe,SUCCESS,0.3342
2026-08-01 04:34:55,tasfia,FAIL_SPOOF,0.3610
2026-08-01 04:34:59,tasfia,SUCCESS,0.3739
2026-08-01 04:35:09,abida2,FAIL_SPOOF,0.2488
2026-08-01 04:37:10,joyti2,FAIL_SPOOF,0.2525
2026-08-01 04:37:20,joyti2,FAIL_SPOOF,0.1892
2026-08-01 04:37:26,joyti2,SUCCESS,0.3075
2026-08-01 04:37:31,joyti2,SUCCESS,0.3166
2026-08-01 04:37:35,joyti2,SUCCESS,0.2865
2026-08-01 04:37:45,joyti2,FAIL_SPOOF,0.2561
2026-08-01 04:37:55,tasfi,FAIL_SPOOF,0.4486
2026-08-01 04:38:05,sadia,FAIL_SPOOF,0.3858
2026-08-01 04:38:15,joyti2,FAIL_SPOOF,0.2603
2026-08-01 04:38:25,sadia,FAIL_SPOOF,0.4553
2026-08-01 04:38:36,joyti2,FAIL_SPOOF,0.2934
2026-08-01 04:38:47,joyti2,FAIL_SPOOF,0.2324
2026-08-01 04:38:59,jo,SUCCESS,0.4588
2026-08-01 04:39:05,joyti2,SUCCESS,0.4089
2026-08-01 04:39:10,tasfia,SUCCESS,0.2757
2026-08-01 04:39:48,joyti2,FAIL_SPOOF,0.4669
2026-08-01 04:40:04,joyti,FAIL_SPOOF,0.4252
2026-08-01 04:40:17,jo,FAIL_SPOOF,0.3841
2026-08-01 04:40:27,joyti,FAIL_SPOOF,0.3481
2026-08-01 04:40:37,joyti2,SUCCESS,0.3370
2026-08-01 04:40:43,joyti2,SUCCESS,0.2757
2026-08-01 04:40:46,joyti2,SUCCESS,0.3385
2026-08-01 04:50:55,machuma,FAIL_SPOOF,0.3174
2026-08-01 04:51:06,machuma,FAIL_SPOOF,0.3471
2026-08-01 04:51:16,machuma,FAIL_SPOOF,0.3435
2026-08-01 04:51:26,tasfia,FAIL_SPOOF,0.2555
2026-08-01 04:52:48,machuma,FAIL_SPOOF,0.2730
2026-08-01 04:53:29,machuma,SUCCESS,0.4326
2026-08-01 04:53:37,machuma,SUCCESS,0.3945
2026-08-01 04:53:45,machuma,SUCCESS,0.4307
2026-08-01 04:54:00,machuma,FAIL_SPOOF,0.4266
2026-08-01 04:54:07,joyti,SUCCESS,0.3235
2026-08-01 04:54:09,joyti2,SUCCESS,0.3277
2026-08-01 04:54:14,tasfia,SUCCESS,0.4173
2026-08-01 04:54:17,jo,SUCCESS,0.2874
2026-08-01 04:54:20,joyti2,SUCCESS,0.2710
2026-08-01 04:54:23,joyti2,SUCCESS,0.2784
2026-08-01 04:54:26,joyti2,SUCCESS,0.3202
2026-08-01 04:54:28,joyti,SUCCESS,0.3897
2026-08-01 04:54:39,machuma,FAIL_SPOOF,0.4438
2026-08-01 04:54:41,joyti2,SUCCESS,0.2929
2026-08-01 04:54:46,joyti2,SUCCESS,0.3061
2026-08-01 04:56:00,apia,FAIL_SPOOF,0.3047
2026-08-01 04:56:03,apia,SUCCESS,0.3340
2026-08-01 04:56:08,apia,SUCCESS,0.3305
2026-08-01 04:56:20,apia,FAIL_SPOOF,0.3585
2026-08-01 04:56:28,jo,SUCCESS,0.3558
2026-08-01 04:56:34,joyti2,SUCCESS,0.3353
2026-08-01 04:56:37,joyti2,SUCCESS,0.3128
2026-08-01 04:56:43,joyti2,SUCCESS,0.3273
2026-08-01 04:56:52,joyti2,SUCCESS,0.3203
2026-08-01 04:56:56,joyti2,SUCCESS,0.3409
2026-08-01 04:57:04,sadia,SUCCESS,0.4513
2026-08-01 04:57:13,joyti2,SUCCESS,0.3087
2026-08-01 04:57:19,joyti2,SUCCESS,0.3452
2026-08-01 04:57:25,joyti2,SUCCESS,0.3419
2026-08-01 04:57:37,joyti2,SUCCESS,0.3654
2026-08-01 04:57:51,joyti,SUCCESS,0.3676
2026-08-01 04:57:56,joyti2,SUCCESS,0.3696
2026-08-01 04:58:06,joyti2,SUCCESS,0.3056
2026-08-01 04:58:14,joyti,SUCCESS,0.4100
2026-08-01 04:58:25,joyti,SUCCESS,0.3705
2026-08-01 04:58:32,tasfia,SUCCESS,0.2889
2026-08-01 04:58:37,tasfia,SUCCESS,0.3447
2026-08-01 04:58:40,joyti2,SUCCESS,0.3095
2026-08-01 04:58:47,joyti,SUCCESS,0.3557
2026-08-01 04:58:54,joyti2,SUCCESS,0.3751
2026-08-01 04:58:57,tasfi,SUCCESS,0.3742
2026-08-01 04:59:07,tasfi,FAIL_SPOOF,0.4378
2026-08-01 04:59:16,joyti2,SUCCESS,0.3953
2026-08-01 04:59:19,tasfi,SUCCESS,0.3424
2026-08-01 04:59:29,tasfi,FAIL_SPOOF,0.3148
2026-08-01 04:59:35,tasfi,SUCCESS,0.3246
2026-08-01 04:59:38,tasfi,SUCCESS,0.3469
2026-08-01 04:59:41,tasfia,SUCCESS,0.3371
2026-08-01 04:59:44,joyti2,SUCCESS,0.3732
2026-08-01 04:59:48,tasfi,SUCCESS,0.3278
2026-08-01 04:59:57,tasfi,SUCCESS,0.3346
2026-08-01 05:00:00,tasfi,SUCCESS,0.3329
2026-08-01 05:00:06,tasfia,SUCCESS,0.2567
2026-08-01 05:00:11,tasfia,SUCCESS,0.2858
2026-08-01 05:00:19,joyti2,SUCCESS,0.2981
2026-08-01 05:00:24,tasfi,SUCCESS,0.4779
2026-08-01 05:00:30,tasfi,SUCCESS,0.4341
2026-08-01 05:00:35,tasfi,SUCCESS,0.4231
2026-08-01 05:00:39,tasfi,SUCCESS,0.4458
2026-08-01 05:00:45,tasfi,SUCCESS,0.4410
2026-08-01 05:00:49,joyti2,SUCCESS,0.2727
2026-08-01 05:00:53,tasfi,SUCCESS,0.4166
2026-08-01 05:00:57,joyti2,SUCCESS,0.2283
2026-08-01 05:01:00,joyti2,SUCCESS,0.2327
2026-08-01 05:01:03,tasfi,SUCCESS,0.4926
2026-08-01 05:01:07,joyti2,SUCCESS,0.3180
2026-08-01 05:01:13,tasfi,SUCCESS,0.4653
2026-08-01 05:01:25,tasfi,SUCCESS,0.4595
2026-08-01 05:01:35,joyti2,SUCCESS,0.2813
2026-08-01 05:01:38,joyti2,SUCCESS,0.3442
2026-08-01 05:01:48,joyti2,SUCCESS,0.2681
2026-08-01 05:01:56,tasfi,SUCCESS,0.3117
2026-08-01 05:02:05,tasfi,SUCCESS,0.3267
2026-08-01 05:02:10,joyti2,SUCCESS,0.3023
2026-08-01 05:02:16,joyti2,SUCCESS,0.2985
2026-08-01 05:02:22,tasfia,SUCCESS,0.3115
2026-08-01 05:02:25,tasfi,SUCCESS,0.3201
2026-08-01 05:02:30,joyti2,SUCCESS,0.3065
2026-08-01 05:02:33,tasfi,SUCCESS,0.2823
2026-08-01 05:02:40,joyti2,SUCCESS,0.3656
2026-08-01 05:02:43,joyti2,SUCCESS,0.3093
2026-08-01 05:02:46,joyti2,SUCCESS,0.2835
2026-08-01 05:02:56,joyti2,FAIL_SPOOF,0.2479
2026-08-01 05:02:59,joyti2,SUCCESS,0.3072
2026-08-01 05:03:02,joyti,SUCCESS,0.2926
